date,STK001,STK002,STK003,STK004,STK005,STK006,STK007,STK008,STK009,STK010,STK011,STK012,STK013,STK014,STK015,STK016,STK017,STK018,STK019,STK020,STK021,STK022,STK023,STK024,STK025,STK026,STK027,STK028,STK029,STK030,STK031,STK032,STK033,STK034,STK035,STK036,STK037,STK038,STK039,STK040
2025-08-01,0.0037804702419001928,0.0027645473215030143,0.00254827680245953,-0.011804618435668797,0.0007635288074264506,-0.02844602694778578,0.011559216851078762,0.004318035198524037,0.011654782272528865,0.009293827896546952,0.010851753767706179,-0.009222794581839795,0.013923941014250232,0.01068101031598093,-0.003967032900963494,-0.018724153474539887,-0.012889225469827355,0.017318775865100333,-0.011609668183415425,0.016600101446282226,-0.006275863848511803,0.011032000435506844,0.003736267569106255,-0.002561557659933447,0.005329680533521635,-0.00018431929030703932,-0.006049240637149757,0.0062799688344151675,-0.006211321685997584,0.012126495482573751,-0.003945969710704567,-0.0014113928056001881,-0.019401030051913345,-0.0010704921434769058,-0.014347765975512405,0.025228495661752965,0.01260338217960862,0.011079983672516289,-0.0018283720668303772,-0.004016534892619508
2025-08-04,0.0025849412911353366,0.007466412098459102,-0.0111717873290483,0.02276773301222724,-0.024391127091599202,-0.015744687299723115,0.02517221239548811,0.026502413796928102,-0.010235754489858919,0.001330907176804026,-0.002639303537541205,0.0012418414410155527,0.014535834490678355,0.03820965254145514,0.009286028161072223,-0.02409772563123064,-0.023193195120885506,-0.002180335821553055,0.000590130304981647,0.04834364299017572,0.018308221198268988,0.047172740361665404,-0.014816607505625332,0.019321928772528273,0.005085803483284248,-0.012423602429015336,-0.007212279399119243,0.023113533210863003,0.028212885694790718,-0.013669826479792604,-0.004553142588803716,-0.012956859372924666,0.009692124904622287,0.04840949757043765,0.02130660421671528,0.033944022528602694,-0.024600440793119287,-0.0074179395832807155,0.017962701955275683,-0.014141733134650461
2025-08-05,0.00562735046991788,-0.009844056438211042,-0.02160823566226722,-0.005453580794392594,0.019106688155158286,0.0457203598266621,-0.03408012998593266,-0.027855650001621463,-0.03998504434379323,-0.0023253981685240456,0.01052980028561457,-0.011023743606621882,0.002792377908627823,-0.02428023844508396,-0.0054130483044845966,-0.004515961912691443,-0.019568291598389954,0.03360324569146257,-0.02855606591918161,-0.0023297619998937247,0.000714490339866842,0.024995715906083654,-0.038209279103652356,-0.014949991431769595,-0.001641721615551232,-0.03377269731407582,-0.014051231304936324,-0.01614894556548713,-0.032785136342514065,-0.05733457471584842,-0.028822652328664114,0.03241644822821754,0.04680033872721594,-0.031174228693028466,0.028248174562200246,-0.006436871594996924,0.0032178342139028288,-0.027466618136420713,0.030952115225307122,0.009795238778810608
2025-08-06,-0.006696324945005202,-0.006959796789811155,-0.004945448890247221,-0.019854948467400955,-0.012425597622058755,-0.02725784943073794,-0.006461030238018802,0.017426977176672662,-0.00791107632599015,-0.008039377089680017,-0.03353498475374864,-0.00804219883555984,0.011337319272279146,0.013625838125011646,0.008363328399500224,-0.009492913780935424,-0.0045478714456072605,-0.01842053198069972,0.0008440556600992251,-0.00026144888598414635,0.0011222696812898999,-0.020971647192116014,-0.006675626793558492,-0.0025664511630872962,-0.00403456932347732,0.0018727991040426587,-0.007484124748952308,0.004502557399797662,0.018377731950554494,0.02254068966178133,-0.00044320902887606204,-0.022067809703252558,-0.010536494433063873,0.006851987725416895,-0.008905335526394975,-0.006289062892717528,0.012902683186710883,-0.011674975203390867,-0.010635871151037458,-0.03477535434275904
2025-08-07,0.0005708948937621437,0.00500340227042689,0.0033973815386812434,-0.011180199072843896,-0.028676704896748402,-0.007582876003498646,-0.014760619863341939,-0.003249514164856986,-0.03718398017165703,0.003701142612171418,-0.041738420775787426,-0.02479900007223487,-0.006619175832880072,0.007015247031718554,0.003979825194442412,-0.0104662285556556,0.009322018380391275,0.002203221551898122,-0.0018409247125236493,0.016779238681927836,0.006246431592603151,0.008841431007345128,-0.016571674551853873,-0.010209709191642333,-0.014495668139880648,-0.022186528144003556,-0.0355916272036518,0.004658739852956922,0.015035894947333437,-0.03166186253688861,-0.041303888112006054,0.012867573665250771,0.00799483248187642,-0.005675954451072189,0.045064627700085264,0.018465427802106728,-0.00966262619507112,-0.009416325974279634,0.0036216074204838654,-0.01208100151259635
2025-08-08,0.016592438560104103,0.018273645598276853,-0.009216909893852928,-0.025871033357238313,0.04151123255157855,0.03216833954898811,-0.010806944613557502,-0.022183230637029996,0.02587167195002501,-0.010135692433548973,-0.01597465241724926,0.0098260008813463,-0.012809101450757712,-0.01748100030728877,-0.007297072016290223,0.02536247490063903,0.015085762400013015,0.001515156629536676,-0.003535264350477441,-0.049306287018954745,-0.0009968877310391573,-0.04122218198459879,0.004022174529249759,0.0028199786062669575,0.012452055344972426,0.03931818282904148,-0.0014482250340254414,-0.03618236230989813,-0.022430753903007028,0.017602164329116633,0.03321941344474689,0.007485077430305982,0.0017357818906768054,-0.025624322119438138,-0.05655346841331329,-0.009371288480313935,0.03838918193477546,0.030935486387712173,-0.013006834343693902,0.008314613523868173
2025-08-11,-0.034625433145568485,-0.011414353227718914,-0.005008857678107203,0.005290380014682881,0.006585542362755102,0.03726548795371295,-0.02218805028641939,-0.034875533206844396,-0.044238571269203,0.023736319114288744,0.02723080833812039,-0.008177687052306034,-0.008915379259994551,-0.025169263015117682,-0.013911070967267604,-0.020174534419409553,-0.004100396287790031,0.006798134150064526,-0.017812372898631166,0.015631598846026332,-0.0035840296883816953,0.0076963550514148465,-0.0122303582738423,0.010033720719477852,-0.0014672238105355477,-0.027003672142366902,0.003884965052547114,-0.0233811686512213,-0.015810808538522014,-0.03923016684208946,-0.03376927424641082,0.0014079791883246416,0.030623633128342508,-0.015217491203653634,0.041775046221915475,-0.020830847682571825,-0.005491281673228117,-0.01634496637625493,0.028872494365056876,0.017959640025019662
2025-08-12,0.024025736543025252,-0.014611586306959575,-0.010959900854495322,-0.011512277135033005,0.013825131392476715,-0.02046641153990292,0.015232959235335738,0.007804280910378268,0.03343589332234138,-0.01229035001692222,-0.03155947440860232,0.014980473796932665,0.022551207621070133,0.03054814939015443,-0.0027473019295127495,-0.009690181315524352,0.012060200627444928,0.037781046528314946,0.010707189009862521,-0.006968336860306472,-0.005681398133384121,0.0011217393158107457,-0.013873351012641293,-0.008050602269050777,-0.007392354701458824,0.0016476506042071171,-0.029935297390249162,0.04938244927186381,0.010560214604634573,0.020759343897166705,0.028260849130772876,0.032912175311525016,0.0237659348158964,0.0313041308649358,0.004054137984058839,0.057498026890360064,0.013841748174233432,-1.913410958474804e-06,-0.0061602635020721755,0.007011268222345362
2025-08-13,0.020835239476021093,-0.004638439783114517,-0.0006150318262952478,-0.011749978373371574,0.010862757034980465,0.026318483006960835,-0.009642504202140818,-0.023143105034899802,0.003845005696436298,-0.023425473260049005,0.005176295329719938,-0.0005050393936466497,0.011831471631361733,-0.00710504423050217,-0.012230035999597965,-0.015271755726747476,-0.007174720053719233,0.026453143009204712,-0.005155436894066503,-0.01125740935660191,-0.015518611229387507,-0.00038456036692993256,-0.018165232670303094,-0.019234852392018997,-0.009736983825324086,0.008578032044929088,-0.009512517081104148,0.008025629625966639,-0.005206100622215463,0.014804937521686778,-0.005078587701277122,0.01359491098905092,-0.004262856245151998,-0.014132479764668176,-0.02016950948532652,0.014523117972276968,-0.001762650675161662,0.00022913694835733842,-0.0048305637096760865,0.004949952463681146
2025-08-14,0.02097901242677714,-0.005297101856673468,-0.025667549727281736,0.023801910707346493,0.010579449172126519,0.03701511474270536,-0.016259185122516916,-0.050019270176331204,6.062234403560822e-05,-0.01275331113021057,0.0064451380157098505,0.0361251367946575,-0.0009547054180524192,0.021494116925057823,-0.0174664888820408,-0.017416105147940418,0.025543281038552162,0.018438727184095827,0.017610302780105863,-0.0173635698345181,-0.0009644582629864829,0.018206236636702695,-0.030040818718512594,-0.02426085992627361,-0.01850993958407208,0.014813689967696385,-0.01850135210786922,0.0011099590588226193,-0.027826441097248533,-0.03828820258577685,0.009231949927753173,0.03051235672167207,0.043032350904162034,0.030457952105101844,0.04719926391306456,0.006404498468288761,0.004285741698171771,-0.03560486495572274,-0.0004914723231995205,-6.13921747508741e-05
2025-08-15,0.031043334957541486,0.015281408806780451,-0.02659552991471218,-0.05192145579941225,0.03095835040332403,0.013720298831700924,0.0011701717707485685,0.021726928764110212,0.046164105308622465,-0.015826809453530682,-0.039720781561077056,0.016924665060527706,-0.016866507279214744,-0.007798830749026325,0.010060773835063635,0.01890929335030679,0.043409435718292186,-0.044037804386834474,-0.005730462184040813,-0.053493106914442715,0.009014079943152075,-0.05816020457440236,-0.016864444983298536,0.00658458660529469,2.777643884806051e-05,0.009493521511951373,-0.008280024548686931,0.010799444735276945,0.012564982292751638,0.015149764825564481,0.014182435483595013,-0.022553070609738823,0.011566809534390883,-0.03574884864850414,-0.052847762801468134,-0.018601547610015385,-0.006542830609957417,0.04145631719533682,-0.05067033345532581,0.0037716878388167467
2025-08-18,-0.00021985085421696686,0.002896429136661771,0.01229284747560137,-0.03181078714498219,-0.026711930541150286,-0.02561332759162558,-0.00010220148335953784,0.016055797459014795,0.0016643207009207957,0.009165707064928523,-0.02738622379785579,-0.028427604351852577,-0.0014403835627625552,0.0003940668540883519,-0.010953735362808342,0.007465850725418726,0.0018351029946901166,-0.010024763117007212,-0.03397315248631142,-0.01698522974083674,0.019477423702711345,-0.026425900105126274,-0.019658353880803763,0.005628245485235692,0.004370046658313194,-0.0012295814890519695,-0.004714237405225261,0.009588695211495805,0.009539963902391858,0.01625322155031677,0.010663247405982432,-0.0034445905235301194,-0.04808715594929964,-0.00024024206839033408,-0.002326272818169415,0.005299715150767336,-0.0012803064188575152,0.006050417702157198,-0.006926748614970828,0.011902525785594545
2025-08-19,-0.011386180085116139,0.012127195371427441,0.0009290427417249164,-0.0038326520840685366,0.033312264042237354,-0.022547859890816306,-0.024137447727767585,-0.006488596517721046,0.013050032191724997,0.01998407392610157,0.038940485242829455,0.007468920400809851,0.0064643656189087625,-0.03464811643000406,-0.001087883323499767,0.021761635448972548,-0.009642084727505227,0.021330352195051708,-0.03071739274026871,-0.005043170486462856,-0.015603331340397616,0.01651926976065186,0.026036046639762785,0.0209816230118968,0.02541062370415965,0.012889484836959245,0.03491893957606448,-0.04700541089304569,-0.005939248044591512,-0.014639303632451835,0.03161121583430577,0.012177371487893305,0.010165186824535589,-0.05364801474066786,-0.05973307717879649,0.0036169811050389164,0.0170305949737181,0.03528577251429478,0.0158875277408234,0.0587455039222296
2025-08-20,-0.02026801982477281,-0.018201663778492326,0.023930256870570293,0.04713812454723716,-0.03245246183552395,-0.05460056539982905,-0.013718743531215424,-0.03074996767140048,-0.02302303655795094,0.010329954474232893,0.04223494219952826,0.007754377926071511,0.0300077531052194,-0.007238998181660023,-0.03336401237128304,-0.018416694987577233,-0.03404939011989482,0.023752811639906085,-0.043773220622864054,0.020942513948454578,-0.01603738370546255,0.01115931516543158,0.04714283735525277,0.007789093227563352,0.0005288845575584164,-0.02208967386417725,0.04196793451788015,-0.002311115602971165,-0.019752781514013787,0.008599679326712609,-0.0028635758937465227,0.009098532738079841,-0.036213551419863474,-0.017644700865843174,-0.007721189388268103,0.00766756022505343,0.019231781099977675,-0.019221976156795984,-0.010133749434879005,-0.004303890425542443
2025-08-21,0.015670736129697712,0.00957523956968229,-0.014432665853577522,-0.017705897938587824,0.04288078070945063,-0.03423935727002053,0.0007107908101166441,0.01847652100378813,0.041867884618899696,-0.037521943929079926,-0.00018479198619369714,0.022990691748197088,0.013960847886701155,-0.01128895512106202,-0.00038358212334794507,-0.015381254508589782,0.004834655014420577,0.010072239557149091,-0.014267423128966814,-0.021869136728493818,-0.011156353810265408,-0.03066572699115754,0.01050098940961002,-0.008900629872169254,0.01406465547776861,0.01633009590203939,-0.005393531886716264,0.01523134215912968,-0.0065922711967687795,0.024761928463115545,0.03531585924626959,-0.009788661411821912,-0.014859429380908413,-0.009898559796917852,-0.035818724281839215,0.02031385059668718,0.007953919352291242,0.036294436828332145,0.0035415094086715237,8.597750986874715e-05
2025-08-22,-0.008422243508783673,0.013280470284787557,-0.019662284724280128,-0.01681981715901044,0.010575499054197631,0.009004160366602832,-0.011110460492237548,0.002889547006410734,0.014948744734438392,0.0235580103467565,0.0036650035263208246,-0.0044696482151918545,0.015755362480295184,-0.027137798196515635,0.008500556137657943,-0.00419387658940468,-0.004313691455875234,-8.331522136882869e-05,-0.021692159958043793,-0.008584906190912013,-0.0032922300736529793,0.005797657122058996,0.008811845631540624,0.008584353172136535,0.011383069720825817,-0.010989760358286353,0.018275946319947334,0.0026978725109745617,0.021281268231981995,0.0018536663934975899,8.348925279351438e-06,0.0076725331749924915,0.003853828742934008,-0.023603433018095088,-0.023114835909792228,0.005145253016610476,-9.371946818477993e-06,0.013201267987010075,0.0053750234615688,0.020313452272086738
2025-08-25,-0.018388854074784227,-0.03460268989595673,-0.013037293967250781,0.02025811802380028,-0.028484038814205016,-0.02469419235739297,-0.009149237668354727,-0.027723498010763594,-0.002734707372993068,-0.0006235909700578052,0.045739651142162954,0.014509977454293103,0.016883449337118862,0.0032731293443029963,-0.02634274322164884,-0.010504933403682984,-0.014132315696389617,0.015650037015447597,-0.004762160267292758,-0.007888098262231516,-0.009569375992957404,0.007382838838553478,0.024540595753804073,0.010732473421952448,-0.003568018319994478,0.0009504558737403138,0.02650930856190824,-0.011010670104929671,-0.018477304333077513,0.007410001596680992,0.020227610762790817,0.027665427202299194,-0.025014195985236354,0.019995427022044494,-0.008726958391748509,0.01845793352718388,-0.0015935608033807872,-0.0019099669029462637,0.027357858767914266,-0.007806453142379516
2025-08-26,-0.013719112798610492,0.004290511712676358,0.004476702010431675,0.013073414310391957,0.021329849127034912,0.04443533423888206,0.008715026167719919,0.0042377395396850665,0.016258629075159035,0.01364820395728079,0.020331632519443223,0.022408442194685775,-0.012304725571954217,0.0016999376715244171,0.02087504971042964,0.006104241900535647,0.022932871346547583,1.5453758248052361e-06,0.01618673549431878,-0.0032213448952546297,0.0113386996014601,0.021820627956012764,-0.012693389493859918,0.0025977475741725243,0.009313693686638338,0.015879783023170738,-0.012323906439979075,0.01253743017925386,0.0020228772397800467,-0.0049006388926762815,0.005747758329908235,0.01612797822687269,0.029792564727320225,0.019260073491297804,0.01783903644112863,-0.0055677806913621754,-0.0035261289513782686,0.0009876416083271446,0.01747567192326757,0.0037399161617442857
2025-08-27,0.010530522676063529,0.02616411040308276,-0.013111425607819456,-0.03350569910822518,0.05466385893360715,8.89065949816548e-05,-0.013285000653924257,0.01359022557878228,0.012924619033675734,-0.024851022546692803,-0.008474562087322831,-0.018885987865759152,0.013079339768687179,-0.030788267951557667,0.0066880718761953995,-0.005742271697443721,-0.009711533809981413,0.024352439484491176,-0.022458998096967275,-0.02736478814292752,-0.0023268547533803786,0.015585867408647834,-0.01615862891059587,0.00822775782346469,0.00013231996314297384,0.005589050734961465,-0.01721635205436088,0.04188812315502917,0.00418790259714058,-0.014537418747807894,0.014793851909157309,0.0014323074019744926,0.02916801581678953,0.0052394838228027145,-0.02508396910500045,0.05253448414656922,0.01527490300275323,0.029956874255735347,0.009551674118882917,0.013976610825856552
2025-08-28,-0.03648393473647903,0.0343717494354881,0.03684341106221885,-0.002873064361390048,0.01773479632855098,-0.006207159857013478,-0.015708233639290903,0.0166423315348515,-0.021068875215375107,0.021298222339342622,0.03420835769768987,-0.023802548096607767,-0.0016685964901142119,-0.04708192051076249,0.0359273082930993,0.015628989922313194,-0.011782455259213412,-0.028158220631198244,-0.04071035377211344,0.04398615957925141,-0.0018009190063177564,-0.002644585447002124,0.028397885709629367,0.031812997675652224,0.024539315700964466,-0.020247858715566336,0.030967895842368625,-0.005149137840032554,0.005892899617028279,-0.010774402959272686,-0.026569123869311886,-0.007097375272431591,-0.013996738226794533,-0.061351917263827646,-0.00424845100628735,-0.016660914587494507,-0.002806509002003327,0.015664845442757126,0.024361372662796615,0.02574572140749194
2025-08-29,-0.03100990547966005,-0.010825898993482649,0.04164234661960743,0.02346937900348281,-0.04167688503743543,-0.003850657846230997,-0.01426578441179609,-0.00886056582448183,-0.06171014457075898,0.04201466361595339,0.03398346696112508,-0.03205657018903491,0.004248099175643438,-0.013644152087882364,-0.0013179916500382846,-0.012220168277192611,-0.028591249999217746,0.013686222819672873,-0.013002009604844534,0.052559751761200646,-0.0024799803434073244,0.047565879295292345,0.005702844220513979,0.029267452457384102,0.0007030490855162109,-0.04416140129583533,0.007006445976305854,0.0058629851674135685,0.0026410516764877644,-0.006348310267427902,-0.04852973432317651,-0.002890616899433539,0.01810371621289641,-0.019349698781032584,0.02276328340632488,0.012469195772280417,-0.019804411836246046,-0.011798346112798787,0.03233173736762599,0.008493161970045465
2025-09-01,0.005325305480469951,0.0009340532467180147,-0.005337988937564527,-0.017228893188165662,-0.0011593234856772001,0.004891330894454465,-0.006296317682351581,0.006080432394304497,0.0113538652021201,-0.012589563624001498,-0.022337020161865936,0.00743179725717599,-0.008621271736146165,0.0211522487708574,0.016447022977702636,-0.0038358333440621246,0.018227589534504346,-0.00796598956842539,0.01958485112358357,0.00513429757016667,0.010202955572671715,-0.020199781865312395,-0.011683274387593093,0.005761783456707746,-0.007951771469341236,0.01827334181528507,-0.02467868192635212,0.001470710230937514,0.009209660008372813,-0.018069190894893866,0.003191643338822956,0.012231936006228229,-0.007550335276718993,0.0012077815004510987,-0.0019180378812689268,0.00482981663669516,-0.005213573193953548,0.00808462405515015,0.00011933417174410203,0.002155687964846
2025-09-02,0.011853366618446326,-0.0034221212713204598,-0.018194886728829095,0.0013988141797046808,7.28385507468357e-05,0.014338135118141755,0.007647278167526056,-0.014195908297181613,0.013353263787298624,-0.005329166519105646,-0.02090090292425284,0.009527873072214864,0.0037646302879085916,-0.003213708606807844,-0.009861814072030437,-0.0026123875240524255,-0.00637862829414086,0.012632329558133632,-0.0009887047732413748,-0.01749607471511577,-0.005248479236777036,-0.0007944668955748198,-0.01106472939498614,-0.011733398142307234,0.01021276401562143,-0.011306855377578875,-0.0020461555471364555,-0.012701917417778628,-0.018424654605202713,-0.013197775546627408,0.012436327444603056,0.031672986666099336,-0.013198795232364464,-0.015425897059210214,-0.02199071701497804,0.016397907937564755,0.002545980168537484,-0.002838853037282048,-0.013290659901119979,-0.012881854565287407
2025-09-03,-0.035420876769968586,0.015145618654729139,0.035809494749723,0.03299850750950789,-0.025302790560308604,-0.028920197224903122,-0.017838119360188937,2.3343398576992913e-05,-0.018273102755154185,0.03324828000792609,0.03354099179594118,-0.006888372714196191,0.012919277700911575,0.0024296398192407247,-0.006661878156977926,-0.023425213744941775,-0.02653928287466184,0.016468478802362456,-0.017020619274503865,0.04528543433864864,-0.0014681866821847338,0.03053100752503442,0.03720719519371696,0.008137914828845499,-0.008935947640545339,-0.018246109155644688,0.042579775942151954,-0.01955224600205071,-0.009026022365093866,-0.01819381059991047,0.0003960408351229537,0.004984017659677337,-0.010328967809351003,0.015027513713183886,0.024421381295691137,-0.002911918536633618,-0.007972896740404266,-0.01281706896113857,0.050180962670785256,0.006697567015699148
2025-09-04,-0.0102225951852058,0.0011764752621708221,0.0003107500905844881,0.009088763408083816,-0.026941688668034806,0.04082809762524392,0.024847026719446122,-0.0011582969546653581,-0.005827624761341302,0.01337491403380411,-0.0007763539548173345,-0.006273010882137032,-0.03626581122686003,0.006906785783032404,0.008084279387229741,0.020088658833993633,0.010896371035166365,-0.03818190648111654,0.024372098394439337,-0.02400989663477447,0.014542646965261133,-0.013603044987191767,0.0008988430679867177,-0.007568100299904486,0.009102796472714555,0.02628131910775463,0.0044260777263249,-0.052156480288407,-0.007180765889060834,0.035488790463486006,-0.03013241374211533,-0.03132417999665067,-0.015323282691942254,-0.017632804041638146,0.009475293428113082,-0.07874370242288355,-0.016474139293253302,-0.012900705744447873,-0.031893208702721235,-0.03235721430433067
2025-09-05,0.004651313015606853,0.01210652663946861,0.005495322866198808,0.00970174710425606,0.019216027323071268,0.0006236815556258197,-0.011334858434505816,-0.006100026375182606,0.009492568171439564,0.017158905299115606,0.04673363234023163,0.0006302477590839819,0.032769518783324195,-0.0014392803126568954,0.003704001411705126,-0.0027670541973466994,-0.018644629415009183,0.03132245656175459,-0.0006507353118321104,0.02401379437661453,-0.009695550647167584,0.03144685947115158,0.016581647635630792,0.007198614302350494,0.009509308525156197,0.009946345405299699,0.022329687023471746,0.0023189915756573216,-0.010141079671578455,-0.007026485175436844,0.011394446121126566,0.02725646057992221,0.02091386284615823,0.007556866562299328,0.008470676047767862,0.04142569755419786,0.006838572262371498,0.003052633491206283,0.03724308096014911,0.015978100210073787
2025-09-08,0.009263654998897988,-0.0016321420641717652,-0.011960602766420277,-0.029285785247206764,0.014483983672336557,0.033849299182177,0.026890230524066774,-0.021611471675114784,-0.008097217959034182,0.004761377779074589,0.009028124713128596,-0.002633698793097436,-0.018203061403893425,-0.032546931873979786,-0.0029706640296211497,0.01209146816304597,0.0013520688340760388,-0.02362201407180549,-0.012245846839334157,-0.04879041267166921,0.0016242166381061221,-0.02887898154466441,-0.005278122489759214,-0.005262910448853005,0.008106922853423104,0.01910913610862456,0.006846327027633603,-0.03463895136414385,-0.011723243751277474,0.005497313356862356,-0.002350699981510998,-0.01678063737399389,0.00861848491537772,-0.033507659453183514,-0.002110883095481795,-0.050945074634901055,-0.00756567372538988,-0.005993196772144346,-0.03374103071831387,0.006971688612663852
2025-09-09,0.014598454711805127,0.00977801591680837,0.011066846219614122,-0.032673435309375505,0.004760476682258444,-0.031807537425584974,0.01796490901147113,0.043075989369878734,0.04487279241102921,0.0038992268738850325,-0.03173468576169686,-0.008759530990640136,0.004434361164040302,-0.0007143368420636739,0.027913032270573894,0.01700313595198877,-0.02430086715597446,-0.01974805927620375,0.006642701582709055,-0.0052039506803393375,0.019413010201893195,-0.05522888564036475,0.02068984355204664,-0.001409900136765536,0.015730201661610474,0.0019519289468104759,0.0032387315239831727,0.019335714371598266,0.03872477631471786,0.06160372224560316,0.028603331239420122,-0.03700609727991642,-0.03997120280685115,-0.015830519816929685,-0.05386453914468233,0.016642180284366846,0.025358144561428514,0.0319458137653094,-0.05021655776960107,-0.02188880234988661
2025-09-10,-0.012306749585522686,-0.008414419969294621,0.0038969699425363945,0.03172999709468634,0.001197291709785435,0.04019122900800587,-0.0335395757679732,-0.03814622512244402,-0.04732250620018171,0.036250454197225876,0.04181150927271337,-0.010717931266256215,-0.0020971477475530947,-0.0413865923819129,0.0018273227263686095,-0.0012099889687476695,-0.029650275335305384,-0.018936458744316476,-0.02146904571892739,0.0226146225553662,-0.004156992724668379,0.03392014180238509,0.016786216051157436,-0.0013423538450726986,-0.0021482474861767007,-0.014573087395156982,0.00633975855155519,-0.04706156802491674,-0.0387296850659041,-0.023208236871877876,-0.04061770915262261,0.024362781021526038,0.024722526721026747,-0.016698936758314187,0.03591840313756623,-0.03462655892273744,-0.017589285415242763,-0.014024621899057364,0.027746310822211954,0.00257403756381654
2025-09-11,-0.002186934988559342,-0.006172718984407162,0.02478721398208808,0.011347555391666122,0.007209575734287594,-0.020221667830319073,0.020272245264737365,-0.0007832071719916026,0.00810738564451405,0.0024163688898616365,0.016532032410736627,0.012262620254277221,0.01659264845638815,0.025063482228077832,0.013242162713941411,-0.0051766573220596475,0.018396476106618504,-0.003930892682411744,0.005989939898626154,-0.0027300489963809488,0.019389990280934657,0.008949801689158533,0.009266967999560595,0.013172952010973488,0.005988417768892456,0.026620373363919175,-0.00436143387128555,0.012549289333139672,0.005926274784137379,-0.004088378269591152,0.021007612936151103,-0.004649811738977505,-0.0023905190882491916,0.04671610348777683,-0.0036870472995238373,0.010255081124226342,0.0015821609197475572,0.008259586906344615,-0.004224646696952802,-0.010261389904548817
2025-09-12,-0.004992371356921755,-0.013332534689395171,-0.02082276483532416,0.025057774584871535,-0.008411216677329792,0.0339297800200792,-0.019193739025716874,-0.0389539464818571,-0.035581951165180016,0.01747378808391904,0.019918946949359653,-0.0012398759559364494,0.00262452402018387,0.007740966806986997,-0.007547681042868348,-0.027133959358201228,0.002882159638166933,0.029069979229835844,0.018152376961785014,0.023271321746906097,-0.0036027848831665524,0.031504507365292006,-0.005566439983214169,0.007903594554584174,-0.013580554735942153,-0.0159893015663355,-0.0056349827412822615,-0.01719859114070264,-0.027300019246230895,-0.033315679628548235,-0.014477904215072761,0.026784179061341777,0.043349911131725205,0.028982377579825604,0.050079356172765946,-0.012060086589216978,-0.017133543256312358,-0.03969722865067998,0.01160960383315877,-0.005314041716416202
2025-09-15,0.0044150603035697945,0.0001411169336332542,-0.01876263999025132,0.01723980123582205,0.0398847390361063,0.0260981292012412,-0.018021034761263287,-0.019554772980798416,0.010966068246920726,-0.01132233113247018,0.02966665663893494,0.027483844897636896,0.014799217128921708,0.0003931393051347697,-0.00863927078776084,-0.03268033775226363,0.004306708063411135,0.06199284205661589,-0.0171865610828895,0.015712552653119757,-0.033214259262557944,0.012044105615121481,0.006204301440759065,0.0003587091283921151,-0.01220571377863557,-0.0016357119449678667,-0.007844187869849431,0.011495307626549493,-0.003777798043387727,-0.0371413402678267,0.011065930810915092,0.041860660605071334,0.038305588756868555,0.014125319761830159,-0.011970939981203677,0.0597252144176679,0.003745301896737956,0.02794690176687148,0.01857237283448905,0.04116235088352535
2025-09-16,-0.03500555362557215,0.012362113993590593,0.023414570262780418,0.01653897239894595,-0.03493849990627788,0.0022810621618331393,-0.00027325990155996176,-0.01034966821821001,-0.04583800894382536,0.02892474417486736,0.01968960623551717,-0.026563856639828354,-0.005698188698944116,-0.006591766946134576,0.009880668132508022,0.00576113265678976,-0.010197235977739789,0.0033588053873957915,-0.005293126737169228,0.030806418083972678,-0.0008083746425794514,0.021363155118971324,-0.003202089339791655,0.01658796284346803,0.0006370765239204465,-0.01655719013407238,0.015517741520741512,-0.010591194384896039,0.001573260528842622,-0.020763278913964175,-0.02956008700338545,-0.011156084704837428,0.0020254756015714373,0.004363202865780696,0.029647312708942372,-0.005859463890133819,-0.01726464951536916,-0.0198951634177999,0.014636514331816302,0.01477715215965381
2025-09-17,0.017511387039263263,0.017205367825834327,0.014915011073519956,0.0018034393248144607,0.038099864744133335,0.07490440041643022,0.01797636100461381,-0.010331965511198228,0.008274284925352066,0.013445037733740384,0.01017952156873432,0.03095812177490344,-0.038426076705947776,0.008750690802254926,0.01627468084515348,0.030972534017163655,0.03500663187992557,-0.0495579745626273,0.03862979269360939,-0.004395988984206366,0.014153323026495183,-0.010222136327885597,-0.008589791481928875,0.0011291743362242188,-0.003634127069778873,0.04217211427448771,0.010704565199345872,-0.04244372646493742,-0.003310917861775028,-0.0036551869283385826,-0.006131421349990596,-0.030610860069694972,0.03761339276296724,0.013404526576626784,0.034792024125159554,-0.059096424443537424,-0.016349828171197903,-0.00045174659656696363,-0.02967273213651921,0.013661104046607885
2025-09-18,0.002686745995049012,0.005529009428293941,-0.0004157201976495166,-0.0038432080854212585,-0.005224792224389298,0.030272572040391965,-0.003399559455050988,-0.014529539461878585,-0.017975593670632097,-0.010000083373249263,0.009742956886400098,0.000630520573695113,-0.021303170981904943,-0.020502329990702277,-0.007685309852740929,0.006221413776166559,-0.000453847848819881,-0.0021416362982612075,0.013466627774232284,-0.02249118129701974,-0.0029774331201943022,0.01850745524874749,-0.006890307806056387,-0.007722760931221794,0.006124034555932877,0.003446996207937704,0.010569482090910756,-0.020156399932694254,-0.019277512605337943,-0.009308763095541787,-0.00016237067203509143,0.014931734387970678,0.018412467070201586,-0.008951032430344529,0.01232672313937188,-0.016798214557192784,-0.012880375964329309,0.002047173438061536,0.00572546097887691,-0.008897719191633128
2025-09-19,0.0073187930576514276,0.004806952045588123,0.00664917317048285,0.04414253899232512,-0.0050590564916668775,-0.004002258178616167,-0.011919716400296047,-0.03116078415862311,0.008280165553385902,-0.010424567429463197,0.043403579347682575,0.02882562472929587,-0.004679142183235956,0.011046713051095803,-0.011508091250070858,-0.018350843651087127,0.005466961022711277,0.017079707163269724,0.019928625001439052,0.00674634807152319,-0.0037570731320605783,0.013818704190671043,0.013939809899952717,-0.0015194381747745643,-0.009453571002214585,0.018934656389381417,0.026937224795497212,-0.01602736037841485,-0.02453331411382196,-0.006764310689250232,0.009322477056638348,0.026969712502466908,0.003274220629292904,0.03141863802903257,0.00906439814846158,-0.01383269165106275,0.007764826064158962,-0.019974325758155123,0.005995611932755432,-0.010610631375345313
2025-09-22,0.012198592124910116,-0.007576589501962473,0.0019265598519823952,-0.0007633069565311831,-0.012604557655091398,-0.0480067976524334,0.022922239586921765,0.015356221730323215,0.014927578528901576,-0.03201735192530807,-0.009121634498425362,-0.006449494872814277,0.012993882204529747,0.012397009092856568,-0.0058808271517549904,-0.010763111052826534,-0.023788513175929952,-0.0060869335873708266,-0.02555930261135589,0.02377462937045839,-0.02131076402258362,-0.01859268580748186,0.008635524003266854,0.02086475123701957,0.014037547437946565,-0.015497560884130769,0.017790948888009563,0.01997228232057481,0.023417055185207876,0.003021447218650575,0.019454225977358526,-0.0021591976939744186,-0.044478491426820345,0.0019059721966053272,-0.025068840478172236,0.03211754957588969,0.01563423696622548,0.009462323102479166,0.00917250360009431,0.0033051319478470806
2025-09-23,0.0029244143253543257,-0.0032584067731398934,0.0015380501578797887,0.0038078688603232712,0.004489496860521334,-0.01169688249017743,0.030659584765515453,0.05272458650016305,0.008276267835578638,0.004428457695662244,-0.01806799250109658,-0.0034007139888241255,-0.0014524270763681866,0.02444539186108707,0.015184854944513274,-0.0063380077066631756,0.0016630292087664483,0.0006128056998481769,0.023392124126843737,0.007982870273771925,0.005029507459639258,0.01435944719631045,-0.00010109061655744819,-0.015200567850969487,-0.006759115498895471,0.004277607664650857,-0.0049319508733485255,0.03956165505756574,0.023949845831294593,0.018241000550557745,0.0005351044224317579,-0.016335947132925573,-0.00958388976081656,0.028337894817770957,0.01023481645303232,0.00029371290396577876,-0.0076187494983299756,-0.004712723585676676,-0.0066296233924358,-0.01203029868765098
2025-09-24,-0.021561323409647,0.01109740762851845,0.01054376780599698,0.0015573318356138796,0.011059855284555524,-0.019302593834152712,0.005506402644673266,0.01377153427200265,-0.010916081238660315,0.02125535607007189,0.017982787388848093,-0.016664866837529567,-0.007752829562608315,-0.029731385561732257,0.021486356608132206,0.02013346574737687,-0.03468550417502135,-0.019250072856833687,-0.05380679568411572,0.02195817527143763,-0.007225662689144527,-0.013429498791279653,0.03635540099812321,0.03384570852988695,8.085542209419413e-05,-0.01033580913778797,0.032718359394964404,-0.001280029600531309,0.011735321587976104,0.027631659998858485,-0.011660008186615464,-0.01957204811352359,-0.026668955572195365,-0.03788944420431258,-0.04600798606201772,-0.01654214020202198,0.002917008088865424,0.03831346800399385,0.013740982242960916,0.024584692779740083
2025-09-25,-0.060814774634438004,-0.00683761596709277,0.03271543448615006,0.04729106341391471,-0.02517592245072461,0.010996173166376983,-0.04214540939828039,-0.021342325590825866,-0.07611265998226806,0.038770789879185544,0.05422410657512536,-0.04560238446221409,-0.00025464769764482016,-0.04864900615274456,-0.006388325270657453,-0.017524847042858612,-0.050629538469966914,0.017179367016305735,-0.03588963764620815,0.06644611533523513,-0.01249379504874876,0.040031713472392795,0.023623930170127233,0.04447383497320991,0.013413041529426862,-0.0507092752802058,0.0490842952783948,-0.049349022932420696,-0.017062366795630328,-0.0285036653191001,-0.0390096103293857,0.00460399260242197,0.002987885411080994,-0.056102416612875385,0.02473018029852429,-0.005141823561189238,-0.016653281974129245,-0.011535784594499056,0.06350706675083567,0.025208903631848162
2025-09-26,-0.028437936697673152,-0.008100904735798204,0.0283108717253637,0.051413208437223516,-0.010258741058952187,-0.0021662527630773813,-0.03704787192775325,-0.014256310406578807,-0.03203555200380212,0.022190301239834384,0.07728188793704759,0.009444345669358504,0.02814440743594968,-0.03377862734747824,-0.010167675794423079,-0.02558231170325384,-0.03495387320251324,0.03345692190942111,-0.02560465763920537,0.046323985985244044,-0.02266078275401571,0.040121344279338056,0.049049414421957,0.03704600269031866,0.005092101951907576,-0.02375595736942938,0.03832707921329215,-0.013766178588597426,-0.0280211279500199,-0.03202475174425164,-0.0021962138467231714,0.023406838751074487,-0.0011802038454677233,-0.02851409558819757,0.02346589495448784,0.03906915165344589,0.0055849136797169,0.007043926036387638,0.04337584622734709,0.023081426504872098
2025-09-29,-0.0005599335437081222,-0.008425820611957464,-0.0015221288385582395,0.0032981360820543417,-0.01494386307795692,0.0028392945235372943,-0.011748506257804018,-0.00413159634488036,0.01972566013627424,0.009378810556547414,-0.020155050447341123,0.02025890721664647,0.0067217378932284185,0.002912612257724125,-0.006011833297046153,0.0041250768863213706,0.015421725304010921,-0.008018977404239912,0.020756127556797233,-0.0254157757226307,0.00035628266926986205,0.018750089636456146,-0.011694561475182039,-0.014719802171347857,-0.0005836124546188745,0.015049061666343153,-0.002347620651014893,0.01264879799131166,0.002600422804160245,-0.0026048734756086945,0.004848751851483278,0.008760462801773802,0.012088819661467794,0.0033091520766789385,0.010330568805368836,0.0002951865595204402,-0.0027997905622877484,-0.0030478477372539864,-0.0037838321062574932,0.006306577108581919
2025-09-30,0.01963464910639967,0.01874750619864476,-0.005309130362802065,-0.015597066740474291,0.06065708558768638,0.048807405771263475,-0.040010298797026125,-0.00980726500650665,0.015580564346418458,-0.009743798414921363,0.018438401435474795,0.001958693459507695,-0.01549092407259366,-0.02815068669581961,-0.0005547144923054737,0.0023765422738017154,0.025575072144166724,0.014464654128450525,-0.01474571092418092,-0.0018926197740651235,-0.01008383166653275,0.01616133258367759,-0.006109062436769469,0.0059185787055622795,-5.2520309552295166e-05,-0.0014100617224312231,-0.01947688750041513,-0.02163114594039043,0.004938318850591395,-0.019842443041744887,-0.00999485440427067,7.504701677507782e-05,0.04476486604799256,-0.015318259117556094,-0.010333189137730504,0.01047380407428361,0.007136251181449597,0.027651361324609807,0.00453474896390544,0.04179800278130495
2025-10-01,-0.005432651636935758,-0.01671457360866143,-0.017219369025365305,0.025035990498691,-0.015337973142310134,-0.0017599299542893124,-0.004922985385716668,-0.036306530445521394,-0.021152541740646333,0.013769646892408983,0.025661857388687037,0.0032770220656835993,0.023423705225406686,0.011646641049734481,-0.034686908814769435,-0.01855970537235864,-0.023559753479313383,0.04833726236145414,0.004880086718335852,0.012790123851589251,-0.005980117365844752,0.029690038319676083,-0.01586683934682545,-0.010492851152764566,-0.010348735860401964,-0.023117919799503655,-0.014171762452025293,0.017756739870918567,-0.010413045542220807,-0.02563917636127682,-0.012777266925794107,0.03631327526076614,0.015792318517771853,0.035378980138172894,0.040935794531798526,0.03126369953408014,-0.0057149003414214755,-0.039229862394950986,-0.005217872101984818,-0.004615037087902532
2025-10-02,-0.009833799984336714,-0.003151047886145574,0.0021089774586526347,0.009500351104534599,-0.004691767635826717,-0.06361308171941144,0.015233460017120193,0.021381151479715598,0.031088735738323027,-0.005837453502046324,-0.002622966739067774,-0.011553073806653293,0.012474407359051247,0.005579609346061715,-0.0004164155841643001,0.011953322443134472,-0.023043383149353804,-0.0031944229812374,-0.00030462557202741783,0.004384934047968388,-0.006548569811537185,-0.04714562517975955,0.038086549067200944,0.008697591750483713,0.03304878513054774,-0.020696929308156385,0.03595653722484546,0.013662340580978089,0.017898447625565722,0.01834592377577708,0.0231990442019975,-0.003404450469514566,-0.061425628475852354,0.010736626490122398,-0.040322900463017,0.010915722486493189,0.007604162781783648,-0.006675756188181324,-0.0012619692735129084,-0.0024399022150647202
2025-10-03,-0.026462189771592246,0.033000718821186346,0.022538283773078628,-0.008123445127778676,0.012922975352098794,-0.039149969285528836,0.005142319680115328,0.03395548493212658,0.017329110775725652,0.015514964690452769,0.0001907374350154402,-0.015149997255602255,0.0003287134912183841,-0.0358338324520093,0.03230063723811416,0.015519033312505582,-0.023241624903851697,-0.024086734996277077,-0.05071598635286265,0.014992515040666477,0.0070279854091341454,-0.010075758790619756,0.022347155413120805,0.02247911077910988,0.03619190221855783,-0.011168765041167619,0.03329979409638144,-0.009531119923061635,0.014552402714671056,0.047888901331207975,-0.009429084267524614,-0.01325508051545006,-0.026424957949934026,-0.03369186217953765,-0.049132625263950416,-0.002204737723927851,0.018048247897334738,0.05718426901197063,0.017296932581592223,0.020149476146400586
2025-10-06,0.013921984078129357,-0.007559061873775386,9.144292657782771e-05,0.00365732910730817,0.007365509194064767,0.02251850701138607,-0.006442680499020638,-0.015813414030271675,-0.025841957995389256,0.003892671072935814,0.0031464513400419666,-0.015267949762156289,-0.007526860502855794,-0.007622129378195865,0.0046251504599148716,0.009162736299990716,-0.013543450054969718,-0.015966658496422318,0.014826240278037077,-0.011653621977689542,0.003961363144817819,0.002370400646743321,-0.0018143146666002412,-0.0037815085827800944,0.002599100078326038,0.0016804844174017682,-0.0019508151037222665,-0.030081082697543827,-0.008568040688646972,-0.026263374617736944,-0.004580044332781587,0.027746506349668087,0.032090605913891825,-0.0026012296779706623,0.011966231382217335,-0.033885016840233595,-0.015495553853940568,0.0063237058138186815,-0.0021489144098339585,-0.0019112281556496495
2025-10-07,-0.006275176424916179,-0.009450948231802094,-0.015480365726326368,0.018252833702049824,-0.004007442394127509,0.02216929489590928,-0.015427855183107554,-0.013258114125077356,-0.016176344874271813,0.001214111892192625,0.029040331106342084,0.0060556935851845345,-0.005185057724558394,0.0055988960252420315,0.005937808485635195,-0.007177570666797253,0.005530143619052775,0.0025017602575388726,0.005006471777863704,0.020240073518018896,0.0005345153120345485,0.034276638570138525,0.0003569195016756019,0.005258326554841174,-0.001465105521792496,0.010996446826364706,0.009385125205572883,-0.010448895095821985,0.0007622951196075301,-0.019026671614328364,0.00013796943896650458,0.014921999055680042,0.034428319829420316,-0.0012565672727346735,0.035198364786137616,0.022614813310312794,-0.01145532716085011,-0.009251920231698766,0.014831133882459345,0.005730272694052313
2025-10-08,0.008466311208302154,-0.008575862310802401,0.006728766659387662,-0.025021696517471964,-0.013836838056150689,-0.08608246706031852,0.007733238800360371,0.04829027711159148,0.009997447151275589,-0.018982514873235757,-0.00888519183412112,-0.021326752439192485,0.032695758076515855,-0.012646544478648504,-0.014263459434147724,-0.006077892452919797,-0.020866926703684507,0.007210470110187152,-0.04091873276806146,0.0050261488748768336,-0.016878534314030868,-0.02738678134421981,0.0029628418950987806,-0.00223976609234892,0.021924922659339614,-0.015636729260664135,0.01655153953127908,0.0208934316955842,0.023998216895796527,0.036870571163564694,0.0122779606924802,0.004480508158840328,-0.053005320905178205,-0.018431700383160568,-0.062023306980938275,0.0340463534295624,0.022839231974563584,0.030226506542605287,-0.015689110166670586,-0.017849602800293206
2025-10-09,0.011938051861152026,0.005905719639727892,-0.026569454317276066,-0.008710327740157345,-0.002771844394582189,0.029756913304651036,0.0033047587290589396,0.009248490093760376,-0.01953151909824146,-0.006281285408213157,-0.005115378536050374,0.011565159088430813,-0.01736159730832831,-0.013091520228299052,0.018919307031970575,0.0038356284819308843,0.025235979718030932,-0.022465190456676956,0.005192019790021904,-0.02604104260889282,-0.004663392133502016,0.0185953201315356,-0.019608917211270813,-0.002757385405022844,-0.01219318788912843,0.0005471929753757157,-0.01386867261304829,-0.0004072339041567945,-0.025655263483124774,-0.02799734605204639,-0.008096972384420295,-0.00017510340618650502,0.03653573288476242,-0.007125912327931444,0.012257286293909056,-0.02122731008733241,-0.007977389789337392,0.007287032871204517,-0.006845443532368255,0.006758334608955924
2025-10-10,-0.013162686749110574,0.0008693963225319748,0.009529609326566317,0.02205039376632522,-0.023219056539195093,-0.04605526143018839,0.009362970164898501,0.005037983097079225,-0.010925347747646225,0.017808532622280465,-0.000557323035300717,-0.002761801021247968,0.005204732574552904,0.008042184513315308,0.006414034120714725,-0.013472850162160478,-0.03015486132077208,0.018200920182609798,-0.0032798904644641674,0.02576580127073986,2.951337073871024e-05,-0.006814296970261121,0.012205698668326138,-0.015030415700663675,0.0024876481742314347,-0.009510621038042443,0.02585957656186581,0.013958104496370869,-0.011624472356512316,0.011237410851235259,0.019506262508606192,0.0033851757831168056,-0.04721253678164046,0.024036684282038825,-0.003232218701462968,0.004643506504260524,-0.00305992318601899,-0.010799876949478246,-0.01643973120269793,-0.028857172193745124
2025-10-13,0.01772139279544785,-0.012475934504929778,-0.011351760647831851,-0.03261510125438542,0.01648235180335834,0.011184073940134534,0.0012128026738607647,-0.03331482602332453,-0.007462282997512705,-0.008378056242564557,-0.0037145562361306835,-0.0006357054341238847,0.0029951012457250297,-0.010257177136975831,-0.020435496648991927,-0.004118500486753494,0.003647533269916771,-0.004667706252705201,-0.0009684678497899079,-0.03898676477440389,0.0004350579073783365,-0.02660073101745803,-0.025071891609441982,-0.02432869637622498,0.006474296686384298,5.100736963448279e-05,-0.01810398694171665,-0.014943947993134862,-0.01678839157647245,-0.03216246403812133,-0.004448884489154387,0.009440567737688905,0.0030567204973621963,-0.023810961426280364,-0.013269638688876035,-0.02489714932709338,-0.006043947495972887,-0.005114563670515691,-0.031972349288933485,-0.021589751630114062
2025-10-14,0.018531633613844935,0.016486307507950416,0.011594374116287463,-0.026958620295494194,0.04090388465938835,-0.03951626264000884,-0.013634883566286626,0.009243855826990397,0.04552099329135988,-0.020165930954655777,-0.015916073013846,-0.025889007082824808,-0.011104220062382007,-0.032558298107964415,0.024943980167356907,0.016290803132753724,-0.02315703255996164,-0.03139719142391794,-0.04468686860876354,-0.01764667810396501,-0.012962063771401999,-0.03398118628733923,0.02061168499960838,0.019254675022976092,0.018143195940802107,-0.014570962928102626,0.025808772571988617,-0.0043080298359279,0.02032279620241921,0.038033766655050025,-0.00034882440003889716,-0.027308947769405754,-0.0365377959775091,-0.0637113404488132,-0.06623673953706889,0.0004957750142197737,0.030733200462117156,0.054222367781109865,-0.00526284943426915,0.029009087783943267
2025-10-15,-0.0033289950410011317,0.02643779562482329,0.017168257146937316,0.00022638688160426872,0.034159501400906074,0.029791616451932894,-0.018780670471243602,0.00654709753430893,-0.01800233237929476,0.020076682757869512,0.008489094402620776,-0.010572625690450659,-0.011338626305475654,-0.04165961560494317,0.03592259521860513,0.009193863878285802,9.152576819238239e-05,0.001326334935297926,-0.03108537683839164,0.008592098508053259,0.00036665334879343054,0.02284953957838891,-0.005184863694778315,0.04062507707383045,0.013734751172161764,-0.00016465717447383676,0.005895074922608082,-0.02014913180692862,-0.0060110594410681395,-0.03163872568637578,-0.02180163126730022,-0.0017286573529056758,0.03212840582380653,-0.05360833511800876,0.003303270605525724,-0.005804747405382773,0.012393577173459666,0.021119433094352037,0.033994685939233785,0.0396607664273055
2025-10-16,-0.003364128656413383,-0.003989134050761939,0.01412459566672723,-0.0112313140810733,-0.04389874425400823,-0.07399620212401267,0.0036823798201233993,0.03424758928594933,-0.01563552565309078,-0.011985282188146389,-0.055317178354199116,-0.005595562584881518,0.011130620534952635,0.03374027420921632,-0.004264208852509631,-0.019453064843916124,-0.02422781909061976,0.00019822514793852147,-0.007758169934861136,0.030933702304875917,0.010557438088321533,-0.01667261520467689,-0.026854811528690826,-0.0038700514417825244,0.005773707576656796,-0.02116459203671103,-0.010255441349717506,0.07093010236913508,0.03189255585327612,0.008028326904437893,-0.010697649844823178,-0.022222192148236147,-0.034995152661482815,0.03662074121530029,0.005789629560305908,0.0463731552175786,0.012662085632830734,-0.01133566997510654,-0.01183051487757704,-0.010991445020047747
2025-10-17,0.016153759314660086,0.007500469767010478,-0.004535605866345639,-0.021243407541530673,0.013250341151433025,0.007237814165884012,-0.02723905364452134,0.0027555378856066026,-0.022194299835198793,-0.009061271515414032,-0.020522930250950974,-0.013572710147446224,-0.009271159348142584,-0.019066116230323712,0.011816219894611148,0.011713424606095372,0.019520782526927127,-0.020787741645715327,-0.0004581709513536579,0.016696328744375172,0.006837879994401622,-0.0007554753455140594,-0.027202740221505012,0.005542265950594993,-0.005494041695433637,-0.007326698247126823,-0.03814669081513343,-0.003601605489652481,0.008611519406160385,-0.01795535515803101,-0.02238137102091173,-0.00823313280872901,0.022338354348922417,-0.0019116580379631275,0.008347337937857283,-0.003483845593721051,-0.009231909259498235,0.008377051291761658,0.0028194224855305127,0.014944437565816773
2025-10-20,0.007450368658550536,-0.00042609624119965394,-0.007897842735034204,0.012277587892050901,0.02554787719244881,0.022873578831779536,-0.023406853457585107,-0.03419588768373652,0.006487621118022636,-0.012492028749458723,0.033600595883363726,0.0072488694612394605,-0.016025395668986746,-0.01756790742212043,-0.01812827906845637,-0.003260447874296619,0.017859731047531986,0.009657466707758407,-0.01066258614107618,-0.03465743120580424,-0.0162926783436346,0.0007104859237101911,0.001895948731006557,0.004096521048705814,0.006428192941735995,0.005472136441795833,0.0072422580989860135,-0.018546654753495647,-0.029602630682550802,-0.025720110519011963,-0.006186644874472612,0.01644370773072279,0.02515016208193568,0.01180891449559101,0.0001924059864453651,-0.014211219690102278,-0.006432009417808712,0.0007752559198901552,-0.010314947545053887,0.015168956057122696
2025-10-21,-0.0035091038677108853,0.02524845480730763,0.01805743236422685,-0.005155219626725565,-0.0027327622385103912,-0.03367774046614303,0.04005247333705045,0.042320394131845164,0.012498844986485715,-0.013292627416568222,-0.0045466571336357856,-0.0005041973477489508,-0.012950966817015656,-0.0002709193914477784,0.03304310691977675,0.015650804298988623,-0.0027403973516436555,-0.05044170286328123,-0.00999850470534627,0.017336337163821387,0.01984833290308232,-0.024799047839039613,0.015217395365840273,0.017295988040537863,0.018935135685200638,-0.005073754558701064,0.025591221596606782,0.014581239844740423,0.03413863551573311,0.05377268147419204,-0.007508036731996712,-0.04161487370702486,-0.03610985043522222,-0.0019603868747458137,-0.03219216422426936,-0.01652585254407446,0.0011022057302502953,0.020788701267191276,-0.011201245902640187,0.017054499166500273
2025-10-22,0.00017467994744134376,-0.023824491515220276,0.0076735197704380555,-4.9211071727027055e-05,4.09213696053734e-06,-0.021430199950707756,0.013409568980874288,0.02117856650060304,-0.015693672041375575,0.00365453866148694,-0.0015649122032229158,-0.0007079766176837442,-0.011673439800805558,0.017695450989040837,0.004468068791844536,0.0005476953798507593,-0.012940406038625077,-0.018286687235946838,0.005803832602299128,-0.000815189390184044,0.018836296824638915,-0.004478598961309732,0.003525183263921453,-0.025129460768386624,-0.011897980433603792,0.004780383006057109,-0.015766725317556296,0.006039652549057209,0.007249534210710271,0.002378489333409421,-0.011634206935403298,-0.013129046356207855,-0.02373478548050782,0.03166105906933102,0.009955995782350804,-0.003932278824885168,-0.00909732737737802,-0.02598818998358053,-0.022849440728492723,-0.019409836104259937
2025-10-23,0.020932152804529425,-0.020813214207949113,-0.01628325715201679,-0.016066904069121438,0.006793975625442672,-0.04483420973846948,0.03303491984744704,0.020032559352402057,0.02903717653960055,-0.010185931621163338,-0.038477182806940124,-0.005351097334201752,0.02818140300271408,0.016870270606391177,0.0013238579095797053,0.002253935636994808,-0.009652587323787529,0.01680867923298032,-0.011551988399568572,-0.012919921655353144,-0.011820170217527858,-0.04926972902781997,-0.00815603332885629,-0.0192825577458497,-0.014024770785523,0.004742884101522274,-0.00015032046741515065,0.044100014048464684,0.01077522865800679,0.015385905379109015,0.023751379056729714,0.012150208450067347,-0.027667964512864702,0.006860896548244419,-0.028187731431627023,0.030220866137926274,0.010531248559327714,0.007966873631355209,-0.006874424051910079,0.0029963114308630325
2025-10-24,0.024855183191558574,0.044245180173110285,-0.016143409820268927,-0.03466013027182131,0.05454290659288629,0.07516426239277085,-0.03799266601402762,0.0046089835245943555,0.005560560752108294,-0.006338236206754626,-0.009377541221506684,-0.020295126070401855,-0.013592852913040965,-0.029309990889941427,0.027548976522368027,0.014105258820356015,0.041831548260854515,-0.005754031229121681,-0.009512310532186645,-0.024428670622432563,0.0042085736350934546,-0.005324354977995538,-0.026318177201537698,0.010597736245333271,-0.0065676702901818875,-0.009486414466032243,-0.033930828998737735,-0.004200302834223799,0.007019586746960434,-0.014535773425691217,-0.00391876451850454,-0.011493597813125422,0.056735548166165405,-0.04753324604340265,-0.02266422915522896,-0.015241988022429608,-0.011036788290460035,0.023683834427305938,0.004361104382675432,0.0041835309340659405
2025-10-27,0.02462840346003102,-0.003228151828778716,-0.005660788915901909,-0.02268566241420047,-0.0009436354080671252,-0.0736919531027289,0.0233756482131985,0.00933671799296425,0.03681861753496734,-0.02363983487910204,-0.030982252069033697,0.007790325327087597,0.022166706294658195,-0.0015286662366924934,-0.03389279947123265,-0.0008649462235330702,0.0031428044821285046,0.014074694763737617,-0.023489261454745003,-0.021501141090856674,-0.006330360007935076,-0.06529336700565197,0.00028593673191355893,-0.01230323872239428,-0.00913369245830109,0.004711842010852169,-0.006481352445144112,0.019013943108358026,0.016780658100418212,0.029995923960466343,0.022483238104379175,-0.0023462087127472998,-0.06862492018355539,-0.0018511861366278149,-0.0738445422318196,0.018200489883401477,0.03291365808201957,0.007396082072565289,-0.03462787992552447,-0.03171495563404159
2025-10-28,0.012308872287609953,0.03569270603425123,-0.017755569103980857,-0.016035110921271637,0.06562379330580811,0.06273662773915899,-0.022353956283699305,-0.020927302964488945,0.022068291501220964,-0.00827066407771156,0.04331052010663118,0.015181190094650006,-0.03911149480755034,-0.025396327700335838,0.007331200596448344,0.021062966311215167,0.03176260126584148,-0.0023862044599890966,0.005029918409561623,-0.028350396219972825,-0.010938646421491737,-0.010502952194864537,0.01989408448422001,-0.0031111073477421156,0.00042554254291295293,0.011130633369415232,0.005706610227345294,-0.043122776572899285,-0.022413724742902805,0.0020097897282361065,0.02229282748679475,0.015700703425361884,0.03423378005447808,-0.011724981191800207,-0.024341385972446568,-0.017958680096378948,0.01245889245696351,0.0268538421886844,-0.008711802953243924,0.028985146770761822
2025-10-29,0.0012373310847783132,-0.004041154787870654,-0.006061435983018738,-0.03295273913580897,0.0025590489722599388,-0.0052091956099139585,-0.012363095491620379,0.00014725955978670598,-0.008457105810512698,-0.012941742253181558,-0.048813129478886594,-0.008486050420243538,0.004902016591488986,-0.002793383983281868,-0.008454822354197025,-0.0020614371799364986,-0.011018662456720129,-0.012872448849625356,-0.01058514547254974,0.0041562816027947746,0.0017328086755229255,-0.008099170685295275,-0.007750971000552111,-0.003648175636596449,-0.0007593299465743094,-0.01636508902849803,-0.03100462583096507,-0.011066557096662004,0.011652475705906582,-0.008405133700499315,-0.015424306107582785,-0.002864637449301762,0.004907408570061543,-0.018219457599643697,0.0013491458325938744,-0.004993828567631557,0.01218629484258818,-0.0010463470182983485,-0.02832433464626277,-0.025161111712616143
2025-10-30,-0.0019102590056649543,-0.030599690859086433,-0.026764271446585886,0.031344905333985276,-0.010938374091019765,0.012643641795722187,-0.0324319119082875,-0.03629720848639025,-0.03163346720203095,-0.009065585601847236,0.017864699564048743,-0.010730631843034218,0.0339341206030519,0.008372788007988583,-0.020663181123430137,-0.04177535184293428,-0.01360737118103346,0.03768994981408534,-0.0002063740686797115,0.017935215566118635,-0.01583067388705376,0.021777639705189464,-0.03373503405735914,-0.019121020933064975,-0.01833327750110357,-0.028777816458593335,-0.013664234972368612,0.0027618504775898207,-0.01946795307597802,-0.06046512197488249,-0.009644386081026714,0.040457355159350596,0.0008272301898480591,0.035256868765724744,0.04145405408650206,0.04090922875585323,-0.012122337927128732,-0.03939751617506592,0.010512722401751707,0.009218471516935969
2025-10-31,-0.014184130606761639,-0.0035466143163589343,0.028593874656797698,0.020775795358929285,-0.03517942837741996,-0.05280916773127578,0.00908266561147042,0.01517611307233907,-0.017257190572231566,0.01533074884161786,-0.03144178218497316,-0.01126346266990763,-0.005941801747146762,0.023301720747138405,-0.0032240261167041217,-0.005562120818508314,-0.01346840571257596,0.006547803329314348,0.011100069248475005,0.028013753303791668,0.01740695714742305,-0.004379678843371287,-0.005608551878639878,0.009343152921093648,-0.019464216174814905,-0.015722453491515822,-0.011251650358356277,0.026046632685514843,0.014213594355101876,0.012334219446695924,-0.020814678578575496,-0.002916498180392312,-0.026298476538699173,0.01753745776282413,0.021784538786711896,0.0017318248646363745,-0.006388087967450209,-0.010201413338435968,0.028713062082748722,-0.022718511696607643
2025-11-03,-0.021577908564918022,-0.0049466018707118795,0.02124398330424695,-0.002655391826875357,-0.02865712887408519,-0.013631912772738683,-0.009082443014789537,0.02719466867177725,-0.02641774544243027,0.016345891802528968,-0.020822554305685997,-0.007014556057996911,-0.011312787758850171,-0.009081388864990967,0.00555822153110575,0.020459918320862303,-0.005000245947824996,-0.02992550386218442,-0.013259262279018113,0.020214364276777544,0.004924601256280489,0.00746245571565817,0.003030551485586527,0.01354703700978474,0.004915403113570942,-0.017391408492526503,0.0033476853445463337,-0.0002561340207672568,0.010267184474131302,0.020958927972009617,-0.040495646174249694,-0.019929983568012483,-0.027762494170089917,0.006297976669765715,-0.0013852777574379343,-0.020295684802926414,-0.013682757749038644,0.001659277999120007,-0.011172559947874193,-0.0135510816207163
2025-11-04,-0.023695464580492497,-0.026296890115203444,-3.8983838205408974e-06,-0.004950544497239048,-0.034901857505136726,-0.03905091017451627,0.023710690248940437,-0.013902931906417419,0.012382439115424165,0.011242527742048137,-0.022490112769426945,-0.0065656423128737165,0.010813454955392857,0.018759708264761782,-0.022371581242580117,0.004196777565420774,-0.015793661708185067,-0.0034597727516352157,0.01420892673094799,-0.003365416482802826,0.004756157612046734,-0.026739922373774948,-0.011347458020838887,-0.03436218118715587,0.0015940146210013087,-0.004526283151999823,-0.0016188531181983484,0.007271351794571116,-0.019135682285181543,0.008407766274024066,-0.0007037658290651595,-0.014477358939198055,-0.026978149356313215,0.0315551181471575,0.00950634320226321,0.004334810596723786,-0.01474905712773921,-0.0312415450688215,-0.02201069767173854,-0.04497247199298718
2025-11-05,-0.0012097381304862435,-0.02982456546516693,-0.0032041789165955306,0.0391023991580198,-0.023404239625439978,0.011867917274094125,-0.01247308823001892,-0.02381499140503341,-0.03254293295232294,-0.027128203680156004,0.02284545373318245,0.01393703565546191,-0.00214754967543534,0.0397684945379285,-0.013425311783334962,-0.03166065367104562,0.0105405935846434,0.03965302022505311,0.043936985849911216,0.028035213063920122,0.005934205997373196,0.05724548330420186,-0.03191250070870973,-0.004875032417877946,-0.027466425749322627,-0.002248728439283506,-0.026029151080346813,0.011535899381551673,-0.0145161443364993,-0.07738872823448631,-0.01580142551222597,0.029452442633881963,0.043246196951455734,0.04310457655993285,0.08736694832728763,0.017633827386090747,-0.01729742261716073,-0.03870960701662293,0.023518263466160018,-0.0159732071092352
2025-11-06,-0.031891316939938526,-0.01555656911101358,0.007435377080650481,0.016023567676868647,-0.010398515039065685,-0.008752246534022774,0.005741058705129379,-0.01368631529322515,-0.021301214721306576,0.00900059329145609,0.01973720147222881,-0.015204971227473437,0.010674060496396624,0.017620165270610416,0.0029163855620355436,-0.01975616003641088,-0.013960300646797192,0.03143079025447268,0.006080069662882247,0.026849220107836275,-0.0013977631471840425,0.042794583277681625,0.006434261505136334,0.006874498002001031,-0.007386380326885753,-0.01826880273523013,-0.005579858319579784,0.012685593413057467,-0.0020295424379842444,-0.038028822074468026,-0.0023475709294063455,0.005489607147400865,0.0016708499544892084,0.020551548029222315,0.0484013983070722,0.025473003270496945,-0.01233921951987057,-0.024503865709437765,0.036831117820148834,-0.03158205135543176
2025-11-07,-0.011625254536460072,0.039352199612791475,0.003774935863546337,-0.005479521142081022,0.024579788810019314,0.019438069560391832,-0.008385311829326381,0.010597114891031163,-0.004907778105067054,-0.005615071694051172,0.02488992849148377,-0.00818825515531623,-0.008412421404343135,-0.030999916493435822,-0.003485530020633846,-0.008354289319707017,-0.010963159529762217,0.015043851432831235,-0.01869736907942865,-0.01585519380561204,-0.015586174858243217,0.017347824458257166,-0.005439239611076533,0.02959159545955995,-0.005142462440709056,0.003959025837532604,0.0028021584812041663,-0.004321919242103369,-0.008100512057944494,-0.018091197968285764,-0.010279999125615115,0.013136679238071249,0.025596409144892612,-0.026579012588968578,0.010008004876139943,0.01251041204779551,-0.0028350923873563436,0.01565700678270801,0.022269706217749874,0.013945772165844026
2025-11-10,-0.039039609215586614,-0.029320975041587295,0.017334384417685166,0.017738411532811228,-0.046175900269876974,-0.022873136478244908,-0.02668287810929778,-0.008718855759103604,-0.033876506061736734,0.038744189519700156,0.04598581950762898,-0.008306183604869581,0.0046933581628274615,-0.04646731044212911,-0.028264172194893387,-0.003553257829487003,-0.03479414212374511,0.015284037933427096,-0.026815322263384504,0.029598985493756017,-0.004517820933360807,-0.006912871908664327,0.020742922678955666,0.018192047887544624,0.011066366192118067,-0.036356315612378357,0.030383087069029098,-0.0469329385625081,-0.0309460015147549,-0.02343701713849964,-0.03997329053898989,-0.0024036833251039236,-0.049300215913213735,-0.01074305474466536,0.008694818154298399,-0.015071627856445882,-0.0075065794795419645,-0.018290511781328296,0.018028637923660735,-0.002509330617705025
2025-11-11,-0.016215249319890934,0.004794154007765259,0.011243783347118015,0.018896848359678677,-0.041252607879282116,-0.01058032998938967,0.012619386201173255,0.013931432308307196,-0.029160135295643402,0.020519647387258214,-0.012865429575633622,-0.013718564585899123,-0.007474134096604097,0.019528443747925332,0.00905368936979797,0.008765130875198184,-0.009047791422694266,-0.02986165165110878,0.029648478485325296,0.027918698035526622,0.012369991910103614,0.023643437894827556,-0.0062306964691934185,-0.021254936473378064,-0.014881927470039236,-0.007456598734918294,-0.009511044016423368,0.0022014372907484814,0.01872468892527871,-0.011002280170402362,-0.03957739471582732,-0.01568562468042399,0.0012068863562645603,0.016784056667320437,0.04328702925017217,-0.0013127044805429852,-0.0368388032287538,-0.02730990338949124,0.004573855720216684,-0.020446246634315008
2025-11-12,-0.000941782276193192,-0.0005747379463283001,0.0032958990018466692,0.01269918520942962,0.0013133624104567651,-0.0002311651834766608,-0.012144325303767918,-0.028107046371176028,0.003344710218001389,0.011083778617146649,0.02345326928920575,-0.006451449776333865,-0.006974781263822316,-0.01034849254803847,-0.016524945271068712,0.0020796885070744247,-0.02522738301565583,0.03601003000737743,-0.019471028027219596,0.0002742964995183228,-0.006117372064164801,-0.014004465062225524,0.015287183725545885,-0.0006355249849716858,0.029427961536811972,0.001179142300693217,0.037452854257753555,-0.014031191010673265,-0.01982238378232885,-0.013017045124504705,0.016946043030608208,-0.0026805230805899485,0.00726659547634298,-0.012788164244642315,-0.03254894086118988,-0.007983765623500099,0.011268591079194899,-0.001575003421228538,0.01250640797212987,-0.0056527519551493426
2025-11-13,-0.011903377910417665,0.012841406277434816,0.004441576465101062,-0.01076046132516487,0.030097117353513572,-0.023244013497940724,0.002227422159610544,0.015310342306098804,0.0006530823377941478,-0.01553527707944436,0.002538266948511757,0.011475408011415696,0.00738675217539274,-0.02690668781381904,-0.01526991878575798,0.013419924939078582,-0.007756984098398452,0.01041761715569176,-0.022800930101130767,0.00382310298094711,0.0017590902383200421,-0.01567038444331562,0.009938454292281986,0.012002545019424453,0.01401898696725572,0.0006624772056387704,0.022354025457896734,-0.0003273159939596419,-0.000206619470659258,0.03806969058761019,0.004750990031932505,-0.009712112903492044,-0.011298385949562822,-0.017137911724551747,-0.03568690202128119,0.007457241008534351,0.010099351426975189,0.028394272640903793,-0.01907565861233946,0.032141847560331
2025-11-14,-0.00346305296844526,0.0272162658597521,-0.006465777022990734,-0.02207261110960606,-0.0017192576744813233,0.04882719076564378,-0.005036682672686187,0.03042321411331191,-0.02507138542180666,0.005650676735489355,-0.023765948841499948,-0.004468603087830467,-0.046576102074825966,-0.02210853798895039,0.021357053545534153,0.015308500941495613,0.010531971187668675,-0.06429019457711983,0.004242697174245539,-0.023105426426424797,0.010200547527955885,0.019493197697171494,-0.010999811147169686,0.019751159189856163,-0.00954133834149876,-0.010533482100110137,-0.018501912515549796,-0.01113741319631108,0.02685502434922217,0.01085112978789665,-0.020686506548517038,-0.04013559225469589,0.0271129004790594,-0.022194721078582842,0.013890131495772355,-0.027780039254162985,-0.026970943645737138,0.008206184876969199,0.008237943492058444,-0.008641995888829796
2025-11-17,0.014444518508581016,0.0029771663508660375,-0.0013405241931484318,-0.042389180832892004,0.00789763271511545,-0.011418713053643316,0.04441540673991835,0.031203062263450154,0.05338572025273117,-0.017822789270165375,-0.04143786038896069,0.02614395379125968,-0.016097239506514326,0.006216189444685289,0.013286879930541893,0.01738666951935007,0.002369822721934329,-0.05815464306547356,0.013715060585462758,-0.04083229131262716,0.020711480350181492,-0.057622101130565075,0.0026933559291122695,-0.0160837026661318,0.012510945807950783,0.026583086657081888,0.005019640108798161,0.0099266299913729,0.01883058351190783,0.06683920931747914,0.042958685383270676,-0.03974875570829099,-0.025492592088952087,0.007325504695300348,-0.06243220957019284,-0.04284496407556916,0.003328966045165891,0.013047264628879016,-0.052747869229982675,-0.014513355058733484
2025-11-18,0.029550718363332486,-0.003826719928152029,-0.011710558665611905,-0.037411956176529204,-0.007551187146176194,-0.011952372632467767,0.020533407762783062,0.03456843588693271,0.034658042625496766,-0.0018661035528679155,-0.04595884275505028,0.001003739024048521,-0.003785584395337994,0.012666229801043153,0.001175158154853201,0.009074933190334707,0.00033885731391940926,-0.0047345594193250115,0.014133153512921355,-0.04600360396704629,0.00965658379884073,-0.030311672533787894,-0.004653364502826652,-0.022325686763049957,0.005857008336614955,0.012835566492580358,-0.029534023426093493,-3.056933790306429e-05,0.016541321334713248,0.033275526001646946,0.014404897255586285,0.0029733895750553557,-0.009452537278427403,0.02116942798038212,-0.02209439259805917,0.007754440943085858,0.007489050065823228,-0.008814283560196543,-0.04036619145798705,-0.019160962259064603
2025-11-19,-0.039942080240009184,-0.0033292380861317085,0.00553651342096856,0.03801063957627485,-0.03895878094513148,-0.0274869069897606,0.00030364817439780534,-0.0027388559469445533,-0.008069744247560663,0.031051703008560052,0.023702360750198017,-0.0007390551287763334,0.016543990217445882,0.025303353365241834,-0.007750320008959604,-0.016047407830410955,-0.04052123148533368,0.018502851891427148,0.018426140052781117,0.040339272713485134,-0.015948996196073158,0.03205701345696314,0.01084176889905909,0.002657876044732242,0.0038554741096669563,-0.009048932016186636,0.01363085713401056,-0.0010361400960699025,0.004806150936410148,-0.005802342492689963,-0.023420726332052243,-0.0040152573350881,-0.010165257227133238,0.02101647741200736,0.01836400043759618,0.021354057010720535,-0.030942387985759157,-0.02026665923210591,0.016141591899902497,-0.003073184401356136
2025-11-20,-0.01277984670340286,0.02799272780791392,-0.0015133438017517972,0.009381283496464101,0.025138572832985116,0.05022965991319778,-0.022914640659828938,-0.04090265529868632,-0.04606818602209384,0.01912262547435791,0.03783583628687118,-0.02428539558273724,-0.013539729140090521,-0.06147561831356414,0.014596551763997002,0.004900177072121764,0.0007724632460027565,0.002772263753854286,-0.011367823870169675,0.015514938186396978,-1.742341683677942e-05,0.04591186079323593,-0.016145710366822955,0.023794987788004228,-0.004912815201285482,-0.022772369411561612,0.007968958803765048,-0.04175090232235675,-0.0294345427093955,-0.0664975024049105,-0.033394740547831314,-0.0026163936311091552,0.06181600304045869,-0.03850060980816776,0.021745764216798615,-0.0441333518188808,0.001345156850610641,0.009889554201852991,0.03333705800730694,0.02415368838511657
2025-11-21,-0.007261049799843368,-0.017171531722545846,0.005006665473625011,-0.001377695399595577,0.02493916036231169,-0.02976591353416936,-0.035723354642177615,-0.022463223556872317,-0.022386744170040582,-0.008449129010004493,0.018057928705265396,0.001693200733195197,0.01289429240458701,-0.010037166100729335,-0.017037903488637856,-0.008119779650298156,-0.020416343197627366,0.05715535405979304,-0.04416856991293732,0.021446159428479605,-0.02728832187761973,-0.01240441208507993,-0.002906321485550376,-0.0005761123526286314,-0.001955992873895908,-0.016353414211361057,-0.011577683403968241,-0.014687332734793104,-0.003288122424701164,-0.008296883102667432,-0.00022435608838312047,0.03198949791923651,-0.0009943043705630279,-0.008703345407496628,-0.020707275461345872,0.053399968073874704,0.008518512645009153,0.009279090694119146,0.018920386153045168,0.008628945996988992
2025-11-24,-0.01215383198971134,0.009252011244382052,0.006884094136772816,0.013596453383684301,-0.01594184970685645,-0.02244200613653252,0.0264812402201483,0.03183833007400096,-0.010963853014735651,-0.013332529859508313,-0.00574839574687897,0.002644062999853404,0.007136437682628663,0.03980521396918033,0.027425230389873097,0.007581616492243901,-0.0048979543365457335,-0.004568784945016722,0.033820861217671694,0.043239891194360204,0.016497364541853264,0.0436028024090159,-0.007004040492305347,0.007066979811204174,-0.014762796145687282,0.004319178032019937,-0.007871325465000158,0.04680207137348787,0.04544925826982611,-0.00264079089931212,-0.018499922951687942,-0.029196744355051298,0.03405115184554999,0.04976003174428329,0.04683407023727981,0.009214128938346052,-0.016426964714918318,-0.005440817588878608,0.015714999421929644,0.0110179146761289
2025-11-25,0.035213523645090436,-0.02013686365475212,-0.02497876437894244,-0.0017296368149114756,0.015158281612796807,-0.009263078585322701,0.005901313469201886,-0.003091106445066228,0.010670402680055539,-0.00513804327460007,-0.010836916828869015,0.014224599840202832,0.024886104495897215,0.026235350075597734,-0.016510212207479898,-0.020336758055510867,0.007309675450619916,0.046109481739488006,0.015499021040183025,0.009307132491260417,-0.00691644567063808,-0.005061075693511173,-0.003966954479575069,-0.013935589010070398,-0.018949709911996515,-0.0009193788627266282,-0.01771235664703224,0.025617628908062094,0.010047846444941503,-0.00011773219529667093,0.03170878787739312,0.02596191422907096,-0.0012435809143263971,0.022137926432295216,0.0029381600580471534,0.04351221652475003,-0.006376849245179939,-0.015873513039408087,-0.003952424894382634,-0.0020964620211308847
2025-11-26,-0.011578994997987514,-0.028200131693444586,0.016286382266056956,0.009331925043082358,-0.06077306737892205,-0.04292375865131545,0.008407730604177786,-0.027200068901334314,-0.012904886557933417,0.02500984113874065,-0.0024635232399342977,-0.01075851917202089,0.005138459108881376,0.00991571402961008,-0.02359699411829012,-0.011068942556268963,-0.009802641331525115,0.01878028472981371,-0.025316254839652524,0.0028736505322619005,-0.0010670312164155252,-0.018791076625891707,-0.004767947624614445,-0.010972567568273906,-0.007183419598404183,-0.00360574898334891,0.011451146596666798,-0.015870460946040194,-0.017038136715668055,-0.01889273198099361,-0.018225430101177713,0.011809955859940227,-0.02107020862219535,0.008687515684063011,-0.004234855901433241,0.0013743098012230048,-0.004868949327494744,-0.0002543663549858695,-0.005984635654466965,0.003692579477187128
2025-11-27,0.015637962084114956,-0.021216863236634513,-0.013948431226261526,0.015547932648811415,0.014528139700147383,-0.04996334762119292,0.033755724280587554,-0.013159449776233038,0.030338110166885986,-0.006228768886506871,0.02383152928434724,0.01810903904028935,0.03031589044588752,0.015834459123358447,-0.01763824571631885,-0.02500842849050246,-0.018317940585178216,0.06937573814871298,-0.006244191332522366,0.02409949644543522,-0.03015063443834878,-0.0003206183997751409,0.018866980223590728,0.0014247795795978894,-0.0003027354441188846,-0.012463413050587575,0.0033134965722268293,0.018123141675237167,-0.0027708975867165543,-0.009688874228215346,0.02590113376749233,0.03225160938067667,-0.032863658611634615,0.02552973583564805,-0.020572490870256838,0.06898679212970986,0.014153916037945028,0.01638985862156114,0.0140757990223178,0.0015230780129528287
2025-11-28,0.016411972864132405,0.018104581594446483,0.0075858174957519914,-0.017226423072240878,-0.017401495772721067,0.007397380623406096,0.006948183775657242,0.03446223473564478,0.0005520386876321313,0.00023654710463830907,-0.03649233471443074,-0.009377820218717685,-0.011296635520587904,0.003499200357776521,0.005077063696493269,0.005049262725177145,0.02725092386956175,-0.029373329137789277,-0.00394834941850546,-0.013887595744469615,0.012824846699278806,-0.017550510390361533,-0.016300814439056698,0.012469498191303855,-0.0048055079084716335,0.0035532947904452026,-0.009509293531039813,0.023621213453622742,0.02060289956591755,0.04079788474881996,-0.0015762292027769447,-0.014715434076154103,-0.012164675739523649,-0.00840511035461722,0.004961853065351911,0.006946942118990268,0.010613122248414684,0.015097486930114881,-0.022158060767538363,0.002336601068446321
2025-12-01,-0.019270938926572605,-0.017779332538883565,-0.0007300351028156592,0.026676192341128634,0.01954536605697955,0.004116567369609967,-0.012817125913142708,-0.03433636985123162,-0.00912118744802155,-0.017330684802917214,0.019202839795557557,0.010481927626890443,0.012147310202981494,-0.0014309667459897384,-0.006913094670570356,-0.0238188371519008,-0.007098668026338828,0.03420455521900007,-0.026136412257067136,0.024951643272898415,-0.02090588643438063,0.022307981690102677,0.023882872224508397,-0.009609464078258308,0.001868002631555522,-0.01976581780554823,0.018041267810915272,0.0009564530358529871,-0.013485455859177223,-0.034019137551721645,-0.0021313204639062796,0.03997016273928368,0.031680735277132374,0.004861319532520635,0.00011788893176202173,0.03454810988830847,0.02299990351234749,0.00014813427286449517,0.043257834760794006,0.00850060089780642
2025-12-02,0.009796991576923306,0.0194620694629175,0.0029044423304616243,-0.03745805028130436,0.007373692578302243,0.028032977477699308,0.009247108557627315,0.029242166437288525,0.019708394875772778,-0.0006601144493139756,-0.02972329331031466,-0.0011734093770067004,-0.013456746601528628,-0.025370739329755636,0.008648098339950366,0.02570168853662682,0.014664782487824178,-0.030465126439426365,0.0035827379858051796,-0.017896813331867423,0.019160272454572656,-0.03999856859646396,-0.012295867217663733,0.00928858322730036,-0.009567515490334492,-0.0020183879406476387,-0.019447834823779535,-0.007989633450157923,0.022108678753350614,0.028249630700801515,-0.014594682005018483,-0.014638734171328688,0.012431816369009765,-0.021200547207838892,-0.013099499485580628,-0.027724386152886003,0.014243161849805586,0.02385977686690849,-0.027973884755666197,0.010103645528660863
2025-12-03,0.03419724350759283,0.006450541078398221,-0.0010683247678495641,-0.019900489148086977,0.00024277672589371178,0.0050511448406233605,0.012604032102050671,0.029777565366849782,0.026249206252632183,-0.025543005587450932,-0.03280749835691828,0.020494999189585267,-0.01327572128428838,0.03350742417812813,0.01670037075080465,0.019109031069923062,0.01669823933919143,-0.03108141920849361,0.044957190276854186,-0.048471889702802425,0.018537312578154684,-0.028725997982176815,-0.018535866920662142,-0.01938728097431216,-0.005724912217989413,0.04517489279834544,-0.02738478220567401,0.0299519920372553,0.03721921860966376,0.02167787042324739,0.03256917337063217,-0.019199378087104216,0.020062032550945658,0.03999591385513979,0.001322353187934616,-0.009191511623787937,-0.008222920559855162,-0.003757760886115578,-0.02611574843880768,-0.018418273589657856
2025-12-04,0.019848264967233176,-0.006926609134980317,-0.003894324450935375,-0.011524869283770648,-0.0022337881964721628,0.013273398312806158,0.016805415864044132,0.01518794929870023,0.03367722210763978,-0.02624487454709623,-0.028493956146606384,0.003931460509571044,-0.013158757067873993,0.02595850523274615,-0.011806884629330699,-0.0045762721061182125,0.014904081725138522,-0.012851870895604401,0.02636911320199275,-0.034574624028426086,0.017907988932379895,-0.04429310690648821,-0.00805721928579389,-0.02360977104933733,0.0009163800985744798,0.0064650584547959866,-0.02021899749372944,0.002477817036818653,0.005900182030681376,-0.007739260207601921,0.013134796241196,-0.016877862714752414,0.009669234898909033,0.018506430998880774,0.005586234177098601,-0.023417828417495422,0.00725926414599389,0.002258970282929316,-0.047475140498135386,-0.008452460909232268
2025-12-05,0.012879945659023239,-0.01255108190253207,-0.011088411398100276,-8.855332067873693e-05,-0.018469551582003425,-0.032661437056229765,0.007330666936031967,0.00923989919026723,0.01435174438225971,-0.012538655852384187,-0.007727034329252138,0.008833497931715804,0.02813147984792281,-0.008275653051007678,-0.01253249090829308,-0.010335159104178758,0.00168995587350944,-0.0051336813208971545,-0.013952890019969097,-0.020165101187042955,-0.0034469405830330644,-0.026842762381215003,0.01299681709757087,-0.012685164389645927,-0.004403371939488524,0.007808301014201718,0.005208445489197042,0.01544217240701837,-0.008015316322774874,0.0032889780899102924,0.01456762031002924,0.011788252952890363,-0.035043526828351296,-0.0016908348001100461,-0.03606056717971027,0.020236551773433767,0.0022784370036276654,-0.004021759975583989,-0.013537031365300354,-0.03487362709916741
2025-12-08,0.0005821957601457109,0.005420871261097178,0.016156778676353047,0.015033969311524469,-0.004094173000783321,0.0023607279108980844,-0.0070797859447601814,-0.02128158976253723,-0.00528634559044445,0.017146179949445235,0.03486029369521347,0.000370102807321312,0.001689103859067606,-0.014694292227334114,-0.004827596523965847,0.008935983698981943,-0.007511064460823152,-0.00035471246054936956,-0.012257139928966505,-0.005365562553477422,0.002379496583576186,0.013977939917668533,0.004535669718657007,0.011659376278474819,-0.0015607324216327777,0.00014379693696423492,0.029426949925240052,-0.015179772615898025,-0.003720310833635567,0.018488224623294656,-0.011883205222811877,-0.012448348521187154,-0.005332308986994346,-0.015172122718451954,-0.014858053601498226,-0.02086968465244737,-0.006683962325167192,0.0059368334561251,0.009449491040702598,-0.0024614136446784356
2025-12-09,-0.011393686178418764,-0.003865610099971042,0.0054567911580618985,0.021163018535266215,-0.04038117423741806,-0.032939360185409154,0.0015929255457171904,-0.007852381986569571,-0.006440594971813762,0.004436655224189872,0.01668692624354618,0.0053733672025367924,0.010463497807076705,0.006361951223237796,-0.011990175078165716,-0.01645389608822876,-0.025162764014646694,0.0002674658336965594,-0.007127178951451729,0.010044018861726081,0.0062530750223493145,0.0020670655764543737,0.023082632114769523,0.006758132728318254,0.01229752950398498,-0.0063619969376391295,0.03980426688966421,-0.015670723506672427,-0.019180195478630282,0.023111057859309198,0.00854809662816165,-0.005095305753563102,-0.030034433881652608,-0.003590232645716335,-0.0018731838446704703,-0.005310950236147687,0.003655869327248492,-0.0013672814356095416,-0.008639490177317693,-0.017224004651544653
2025-12-10,-0.00739061479468941,0.02429447874904738,-0.01771541035221824,-0.02076689618015699,0.014102570676074943,0.084897708683955,-0.005328346363976222,0.009334392091355668,0.005175708504925068,0.022315395872377384,-0.014473659983883957,0.003286537336664158,-0.0553821951329729,0.004172498795350768,0.034410785913547605,0.037295850808104665,0.03753720472965558,-0.060774505278377876,0.039114842823517355,-0.028858654598082043,0.028231604274302068,-0.0012907868473290285,-0.038022515034502984,0.01988192337905123,0.010329777887299538,0.02917820219994994,-0.0325345371917358,-0.032386752421308986,0.011808164895194023,0.009532313991666253,-0.03085532045199467,-0.03343123733921986,0.05764535373219179,0.0011933375315066226,0.030852963135819155,-0.08325959030918743,-0.015205563111800777,0.004755128138476401,-0.019082274373655315,0.007206376678441659
2025-12-11,-0.034344490869554066,0.016883376164874533,0.02720071079894007,0.02609974880286281,0.017702642539043502,0.07838429223511395,-0.03688660829720825,-0.01985090926635606,-0.05066676186978849,0.02044792705289204,0.055261837716430784,-0.016632773754776016,-0.03682602972046315,-0.03807204927197762,0.03134615516342243,0.024352342349183147,0.007863386002380061,-0.015981679470712794,-0.002424284256064361,0.031150697570460975,-0.0044121698385080205,0.05752971176618415,0.0069982528534654476,0.05605427207456967,0.01044883603677749,8.836499687542645e-05,0.0290041309490133,-0.04754182439613466,-0.014508216177601129,-0.03257078398057899,-0.038026211972760564,-0.00878086383317013,0.06388299561095347,-0.026829477846243836,0.03676460428396849,-0.0517736614469384,-0.007222731241240909,0.016439737815402027,0.040828982485779056,0.03569989008756393
2025-12-12,0.024021539690522037,0.005058279336007989,-0.019179071799437408,0.005687512538563902,0.015317380571458372,0.05185964824483873,-0.015796011601613424,-0.0025954304279633003,0.009054119459622399,-0.009890601507539266,-0.0673693356555665,0.018337563318124566,0.0042302027354832825,0.011073905247898586,0.024141269711625456,-0.028927931280084234,0.04267413125508938,-0.0026300007711273212,0.02037710161122795,-0.005037077841649976,0.019552790375458432,0.028472318627691354,-0.03916608886537679,-0.013269151980247924,-0.03541721602633564,0.01762351996184867,-0.03263093541365499,0.03447056954793809,-0.010275638735813629,-0.04547115599017077,-0.011704825592091754,-0.0060358768031646085,0.05644059432544696,0.03294824494496932,0.030830779889800323,0.01433367481223877,-0.008407181453796545,-0.022142852761526506,-0.003486532799462768,-0.018987782775398615
2025-12-15,0.03469979872593999,-0.007319390813907577,-0.035842170151562734,-0.011987278989229778,0.05116642145825634,0.043697324957005915,-0.01695014452352802,-0.033516855794743686,0.035835171258615385,-0.02893376121852281,0.008661543038179302,0.020536251603697046,0.013361516952780237,-0.007297218708104087,-0.02504580004243074,-0.00882606698715937,0.024522376680125378,0.04170179946658456,0.004515670192659636,-0.057604237691489646,-0.014387523172090367,-0.0034757752449615445,-0.01841283346413252,-0.03429766295450347,0.005585916318982961,0.013927444755579846,-0.03501735019009317,-0.015398904075181992,-0.05051509430032127,-0.014017861234801244,0.04848418015422022,0.05316350410882631,0.0318079630905608,0.020010375750179117,-0.014740015061201086,0.018467366946487235,0.023260730106023073,0.0008816404316255065,0.01017067824964623,0.012338816459723031
2025-12-16,0.017375891860503565,0.01079592783182372,-0.02783990523641743,-0.03341952783415561,0.038659063903316665,-8.98700218120406e-05,0.005570768279743085,0.018274753627705365,0.03031299393975441,-0.002843026031824219,-0.027318407998058743,0.0019340541103579458,-0.008880369671392276,0.004724128498204254,-0.009126205463492798,0.013754265244415649,0.03794816076857389,-0.0250865219063727,-0.0035589782892606484,-0.01991266909350205,-0.00028540212230875094,-0.009896324613730006,-0.007605116573247948,0.0026197439749067178,0.009873967225441326,0.00915789672545031,0.012402030613443648,0.023934927238328973,0.02056189763800766,-0.001480469036403552,0.010476565363385915,0.005256535303745522,-0.012908949253380004,-0.03151606804341786,-0.03277987836440186,0.021341035606605496,0.010315975668946362,0.022557100510095143,-0.03208190820649712,0.01038396400573299
2025-12-17,-0.022300960755182286,-0.025254613105902476,0.030643723219475425,0.03746525002307189,-0.02343399816626856,-0.028684151622953902,0.01168213248605161,0.005742271789890443,-0.018173818261548548,-0.0016292821116767123,0.007771025720386076,-0.01249147259690671,0.010249193947583862,0.010241046073147426,-0.0003207271442175917,-0.0032138748196710674,-0.016141964343908535,-0.002307448895738671,-0.0058507211443940815,0.03242292872343983,-0.0030545081846224354,0.02297337804189794,-0.003577260336871408,0.03494894037549398,0.007817027913654032,-0.021937526014088077,0.04009432297559324,-0.0012459759983325215,0.005805822933584033,-0.002690488806691654,-0.000228670698148822,-0.004705254206609809,-0.022276015571610207,0.025432555523762584,0.022861728245979034,0.011449405960835508,0.0032363857893465365,0.010443735194952874,0.024820505812287973,-0.0024393194417586944
2025-12-18,0.00013260641343868407,0.0037450339824635394,0.0017505148839148596,-0.0093450177246744,-0.036838704956166826,-0.03761019901287069,0.010261956714810169,0.013030712107875137,0.02349828517652948,0.008669452255535332,-0.027471072231567986,-0.009695685535391206,0.009915275975167915,0.016657497921442693,-0.003141613775357345,0.0017678287262547073,0.005762495050510776,-0.027954466921748126,0.0027744543045327775,0.00924789669320683,0.009103095532840427,-0.036615613766826365,0.009557816217612768,-0.0132818400631163,-0.006442545841236351,0.00786580815454306,0.01341236615802233,-0.001217582295958293,0.0037921020632120444,0.014588886054884233,-0.00030797805999585614,-0.02408694098156724,-0.04744352948895038,0.02522023108385535,-0.010765136680997163,-0.008086675034912286,0.0092000579645883,0.0019264503783025556,-0.02669400626084073,-0.017883839610047428
2025-12-19,0.012088523799046905,0.013289591672340314,0.0024647784874097956,-0.03127254513339546,-0.0036697443063949137,-0.011419930011979667,0.01369387221831642,0.011526303880885613,0.03243106568489583,0.0035356834982733882,-0.010362680487874018,-0.0041917307424486384,-0.01283617216315037,-0.0067562823628359945,0.011775604037860328,0.019016951815842217,0.0007426633243921722,-0.02857500148955768,-0.012647073601341641,-0.01924611181110521,0.0030933103069530656,-0.03706807226039075,-0.012363169007427524,-0.009140592355248094,0.004279020900164812,0.012412402048721282,-0.0001446117004079454,0.024252494802226757,0.023229534999355934,0.04265441914611157,0.025619813964737583,-0.015731162954150973,-0.020428479558909845,0.003956450606974472,-0.026556988026276557,-0.007701337146598828,-0.003783370424783463,0.011236299785019757,-0.031168047028157387,-3.078881155088413e-05
2025-12-22,-0.011696900459755863,0.024629379634540528,0.02029790271057076,-0.0026576430072680988,0.03696820617926729,0.025865207930553802,-0.033276505454521904,-0.02517043417089659,-0.03928219071420119,0.00552023931879562,0.03520922974476107,-0.01974310904435366,0.003016721085668828,-0.05622686980499256,0.021439113664172726,0.01728373085529563,0.0006720889811136928,-0.015171136502516657,-0.027784616818241476,-0.006869653188978184,-0.014320124579261236,0.02101842318410623,0.010017984256834098,0.028077094115502833,0.005043818294171054,-0.014958436460581216,0.011546141307732084,-0.03507405638839628,-0.003898537160949553,-0.01937936980306835,-0.002673241292234927,0.009238359529879728,0.018090238262650802,-0.0505204467282717,0.0014848614053881663,-0.015121951146973595,0.011885343358915185,0.020775913416965705,0.013547494039048502,0.030639694058846936
2025-12-23,-0.001236619479394017,0.0008338496539089697,0.016457109428445405,0.023423537714425978,-0.024032151357994233,-0.014154835487586098,0.011902579424148333,0.018159265455465607,-0.013827664811342276,0.012707395890467271,0.007630306086713102,0.006886801511793072,0.011886435169391975,0.022834927188001036,0.004328716212807423,0.0010345705398124008,-0.013864426796289115,0.0010151037771009086,0.008119702942314197,0.022012753168811728,0.003499827066903185,0.01697781203832513,0.014550856079177632,0.00568440906133647,0.01501111156923616,0.02452683073950533,0.00763698758196071,-0.01395029070969029,-0.0030438493031266214,0.0066589624214367605,0.0016506443679212002,-0.0012835116094859125,-0.007727544598305734,0.01867533209706606,0.009999688385202037,-0.0036542684473419135,-0.006293953107194193,-0.019814121238827264,-2.748635605002818e-05,-0.015123529428073563
2025-12-24,-0.029693530769387397,-0.001102811555623728,0.03344610521767227,0.01614749226840382,-0.07096994872325793,-0.006673475101668501,-0.018030691842515642,0.028520458304668088,-0.07530572632192051,0.04078820415561493,-0.009872182589549965,-0.010127977892412052,0.014630740603033543,-0.00024363352416784806,0.02703139912905983,-0.020225553845460327,-0.012371072315884475,-0.03289516790967947,0.01269078094598584,0.04271572790549512,0.023969808571431418,0.02261368194147698,0.013861252161803181,0.017036675231278782,-0.016518171104744284,-0.004887803389999865,0.006541952202458111,0.021418264882559532,0.031090619318674538,-0.014884421105514592,-0.04971526222785641,-0.02847518446900819,0.010638974263880337,0.02534664645825855,0.062313249300803265,-0.019498271136331752,-0.025939652565430127,-0.01487574268852248,0.022477951548999963,-0.014427785022932318
2025-12-25,-0.016681436876167344,0.0016141682566580126,-0.004242655333599283,-0.0010437167275673433,0.004523741788430716,0.04260400751784512,0.0069371538107954635,-0.026890052161726796,-0.019807109447256794,0.013863617109930188,0.004443621894156687,-0.005378671773725737,-0.032951342690935165,-0.02673808269633461,0.024391865345734377,0.02124359094478726,0.010070238987844302,-0.04572829695597699,0.0028045803849382454,-0.0015879294102700676,0.02442485376087491,0.013465605803415095,-0.01127724635571418,0.01219641252876073,-0.0028184336589322924,0.014971109016663271,0.013009358089988775,-0.06434905784003224,0.0014914668582582773,-0.015580451667451124,-0.03692205809999084,-0.025150294505070756,0.028525880531688717,-0.03178435297334367,0.03408246716715169,-0.04914266292544501,-0.015338469277772278,-0.014156073030070309,-0.0090745793698133,0.013483570542710058
2025-12-26,0.0017362955888275584,0.0013648444745353108,-0.008640139966599906,-0.03085513656039389,-0.022857171765952096,-0.02459353532764552,0.008399841644616744,0.0007173788934887789,0.014561028812978234,-0.010107855091732083,-0.04971217876332708,-0.0015571755843401596,-0.011587170348531906,0.007056053274126713,0.003710079059447909,0.011607122224132384,0.007721258837725675,-0.006583296193988507,-0.011190614784089625,-0.024136348527673903,0.008914382008937967,-0.037902805487682885,-0.015530956955105422,0.002274718859413258,-0.0004853222601312656,-0.020223019925791605,-0.03987390259047072,0.026952640789173022,0.005620581657797858,0.013761886041423902,-0.003829677524074292,0.0044562056358774275,-0.026723741460177492,-0.0063383422295259055,-0.021217761989360772,-0.0009268677222459016,0.022140453722545125,-0.005097142766663446,-0.02077047180871313,-0.025194121909981094
2025-12-29,-0.012124509117995019,0.017658188057513315,0.015353580906403222,0.010212069788499225,0.011592317750407607,-0.0016271441388843026,0.022173341011339474,0.03411279490021484,0.02381884786454731,0.009251759356280469,0.02633241257830151,0.00484238656361591,-0.010270778380998356,7.953329580845034e-06,0.008668390978913903,0.013525198795157817,0.00045851736915980936,-0.005487315956831747,-0.008512781443971072,0.031406076221598356,-0.007396949463393337,0.029660893805437183,0.013835388427904396,0.012196499279470398,-0.013287194765903107,0.021690582742443974,0.017104320832108784,-0.0018819279174354334,0.0063519237128589305,0.034483310441397796,0.025010300436539637,0.01193134456961207,0.0013308989200505935,0.008021380702743238,-0.023404764903823337,0.00468214058207344,-0.000996631395593152,0.02883647039345903,0.023015166823048015,0.028818769518802505
2025-12-30,-0.00865776154135373,0.009384315695906016,-0.0013500909571903393,-5.999773379113116e-05,0.00040655110258476426,0.04191155939490021,0.01037056685954298,-0.021118889301808188,-0.004052331180017958,0.0012468947000796545,0.0417479046135753,0.012422664652211554,-0.02482702537894026,-0.01830672795686818,-0.002160273595468167,0.0154842305853789,0.007702025118607107,-0.008364083438241025,0.01741765059578044,-0.032063722276167356,-0.007645610395661535,-0.0052113443046102395,-0.002350858246588177,0.016455535190370674,0.006904738380369597,0.020446187551449124,0.006153954167034733,-0.042942258373648144,-0.03226484442579401,-0.0003639099441137359,-0.0001072947814875656,0.00933274326332087,0.020687206412423633,-0.019496257386559926,0.011587809752940516,-0.036819383654214534,-0.017659853012089437,0.00020684165348193624,-0.0054974178727518344,-0.008045989042669321
2025-12-31,-0.0064154229816233265,-0.005839066871996503,-0.004992690000491273,0.024099228337826892,0.014548115953574435,0.047191865388910445,-0.005466180779254206,-0.011087799799623174,-0.005823878815240466,-0.016775016321528304,0.0020653840540753587,0.002049109265747865,0.016091955044320684,0.015700312768445322,-0.010948640026208933,-0.027746264286524887,0.012011337688895812,0.044599663555530064,0.038214306203450746,-0.008946110678036648,-0.0066354100515789525,0.02067949948977,-0.01321170502562944,-0.005764201544430582,-0.02083905229359466,0.005934869656148485,-0.027525197128808417,0.02972673875177751,-0.006544585796626167,-0.025134007041071653,-0.018490919030234827,0.027878029688524625,0.0647773873763791,0.04242954144175283,0.021241876306800953,0.023363732790118753,-0.016660950254068232,-0.004961294383523791,0.01666457366539978,-0.0009409445952530786
2026-01-01,-0.012033629450666012,-0.027765523725091782,-0.004726266506560122,0.008010034681962009,-0.00886656731813502,0.030694480583393552,-0.014209804092955578,-0.010514216300136079,-0.04990506020913606,0.017001636598509638,0.010599233834110574,0.004440569814699572,-0.025307815309566405,-0.01220229706508327,0.013535686660148701,-0.0018791113484256348,0.010003252988953357,-0.027172982349838618,0.01021696911996182,0.007708152026067988,0.013310839678646425,0.01169235746556508,-0.009404217718707497,0.016739633815675933,-0.01390888418691032,-0.0009132625935710684,-0.0044222524777857,-0.036712993710453584,-0.026586157193545363,-0.009039101732412897,-0.03820713683834106,-0.0015668250927686946,0.0218367108806378,-0.016712975698228105,0.052734498020544994,-0.040507379159393446,-0.01671061183617533,-0.015495799839160721,0.0009181763570223038,-0.0016298550315762448
2026-01-02,0.006128573105296904,0.011572246109306211,-0.01013398654333128,-0.00539169586162375,0.007940558002093399,-0.04902433491359746,0.019262268536811396,0.02523935401978137,0.031391373052938085,-0.012874435210893535,-0.013476849126698269,-0.002500510032347175,0.017322544219466905,0.007562106013624424,0.0012977835913022748,-0.004882345848976553,0.007717822201709457,0.009074737171942834,-0.014882851393668808,-0.007744243561111962,-0.01465005188864452,-0.039665659873856396,0.002962059685542695,0.006999252548536275,0.008112765228515438,-0.0040396152937717325,0.010130739600430497,0.04855159359995869,0.026610028638403324,0.018930093584412336,0.02068985171026474,0.020368150791341,-0.03280573030839641,0.0012899875928916124,-0.040211209771319596,0.04488251867637801,0.01284534784664549,0.023024682255029377,-0.0033859047157132408,-0.016750515766299878
2026-01-05,-0.018484620294431767,-0.009302742799076908,-0.0011254220806745947,0.026700236723677932,1.8925192005066725e-05,-0.03688255375761781,-0.009812109563970772,0.0015992452311850208,-0.021662097385018134,0.011751582085053773,0.038776357352133625,0.0005891353542423281,0.021093389980725945,0.008643157935679524,-0.016931395100211886,-0.016428416671817304,0.004215912491378017,0.02977676849922479,-0.013228667335263943,0.05379282640949969,0.0008129521337383368,0.041213333518271604,0.0040019323553384875,0.022570359917732284,0.0236164317188318,-0.008789582083892536,0.00950803658842597,0.022369094850855153,-0.003358757795146586,0.00794410011029765,-0.007895915341464988,0.017528770173459073,-0.01541781503160395,0.0067965322119818775,0.01840099825673018,0.04662155930486502,-0.0022409823333476757,-0.0037289940289225113,0.019092644433038285,0.000398813240166402
2026-01-06,0.003442766430545902,0.010060217605299675,-0.012797852282051107,0.025569807850944645,0.007161189585575671,0.005391040367492325,-0.014788949486629416,-0.003070583941540868,0.024909186295679557,-0.02408797633514522,0.017771064103513947,0.022070785276678107,-0.0029811064557163144,0.009747307341094674,0.003426205536474186,-0.009235007018962356,0.005138865647387927,0.04011714386438061,0.018768217865614684,0.008471510121253413,-0.012458864014536795,0.00680851773960354,0.011379758614856088,-0.011671471750628281,-0.0055297827384154915,0.005370933417289565,-0.0006213306731679053,0.0073296648611672986,0.013226625028812607,-0.01100180076554029,0.007900011614345089,0.02945546102483804,0.019953125063719688,0.02535719952927403,0.00719636895972488,0.0187992963672235,-0.012680095628238922,-0.012547659866698303,-0.0020857476731425163,0.015464824105051256
2026-01-07,-0.0005741981768971199,0.0021949247639129806,-0.007993903862884103,-0.03431280812015653,-0.006643249708913415,-0.02287341106855256,-0.029128949653350007,-0.007452981531873882,0.007230791518556733,-0.008614518367708008,-0.039810911067962376,-0.013813532656415765,0.017079834025310013,-0.011204061387384345,-0.02159764012883538,0.007777159201600723,-0.010686336269694025,0.03452495865318031,-0.03083976007428526,-0.001967113836992749,6.857902779536327e-05,-0.006076536577814208,-0.03368742716165471,-0.004622381704594289,0.016394933509438436,-0.028124724845527294,-0.033391784863777495,0.014419608325856537,-0.0041319894326792474,0.0006421232768561332,-0.015539518869286515,0.002940577505157539,-0.005457893985366297,-0.006566013110617887,-0.004319377612698922,0.024713302718756807,0.011545839912211643,-0.0060942778233221626,-0.010484232625766256,-0.02931848830331776
2026-01-08,-0.018020034900726404,0.020320233527828042,0.016339836090253183,0.005106856831788678,-0.03237301588237484,0.09413193962857407,-0.01856293067531608,0.006683571351034622,-0.054915343302847135,0.04846252207092755,-0.014309596276073314,-0.024786404057509693,-0.05153105369041319,-0.012132288576955258,0.0376913764065055,0.029956640011487564,0.02723182803213108,-0.04941824937295182,0.029502881327236868,0.028424205192395302,0.019550624126362055,0.04014596824539923,-0.017813702331251454,0.03757394005861506,-0.021532961748258108,-0.0009802071021736353,-0.021501451656814996,-0.04447471009526628,0.015659569360031385,-0.03734013771424864,-0.06997333212551543,-0.054074639460157885,0.06072236018938179,0.006614258932045305,0.08794100112318758,-0.09546303428679062,-0.04300706088245449,-0.03547088739903785,0.007253568362240203,0.023438069584348846
2026-01-09,0.03232118054749324,0.04153423820032382,-0.020686509021158386,-0.03182911075887799,0.05274339529260943,-0.034169690795644976,0.015958345662185076,0.0363655618058484,0.06362522082809258,-0.014331712810413793,-0.04336479467712278,0.024423270701900944,0.0029938590941529742,0.00693367680137545,0.017413444125126725,0.0028426926830581903,0.0317914074862218,0.0056051720633684835,0.00969238235062591,-0.01035488278598109,0.008747182332917783,-0.00900103223039086,-0.0013732606002836677,0.007519815392672425,0.0022193942274997443,0.03116829507993526,-0.0208637638664399,0.04649433522504773,0.041464690687928116,0.03989586013217447,0.0350390244357565,5.104385117801324e-05,0.026480163433098433,0.01690751406208201,-0.038506514272984196,0.03552498678135581,0.017691896070007433,0.03469243339120382,-0.01716901959753382,0.014635982359891444
2026-01-12,0.0040635722222280395,0.0016779132337655937,0.01312397905325302,-0.011603553723888901,0.0029958684854344136,-0.00816382154066436,0.008749694918082713,0.019992705765362467,-0.01818213080915164,0.009535986669695708,-0.02842008470984415,0.005736032137268789,0.0029792219530657294,-0.0007218075291417535,0.013254713580006175,0.01083534373390103,-0.006412348680664393,-0.039708449626229644,-0.011564331450523824,-0.006517517630733861,-0.006691870608809113,-0.017322468592498145,-0.014044717418769727,0.00024031131692466966,-0.003634778190695313,-0.009802924026266254,0.001899648565982976,0.01220699165106072,0.009658500218356708,0.004306505307304455,-0.01412939955348542,-0.025857768778652188,-0.016596774617861625,0.001122511961366049,-0.008383202480343549,-0.02135475944344707,-0.002007066710138304,0.005431925912709228,-0.029877711432875258,-0.006666787700048928
2026-01-13,0.002089466914298588,0.0027621964127052187,0.020885220976335515,0.01988601672539079,0.020792863505924304,0.0483673675168723,-0.00858009089706298,-0.022410223467268724,-0.004453444444097378,-0.003418581932730748,0.02630833082658562,-0.005336451159340008,0.002445435678779901,-0.01930925903006693,-0.011071539210346155,0.0007454122651296279,-0.0010506421494719583,-0.00547215920761571,-0.015961136960070507,-0.005408260500063254,-0.014373255361658278,0.021274621059724955,0.002779892262664552,0.012751710501346996,0.00431469027450291,0.006439030393316574,0.010873695690305185,-0.017815506495632447,-0.008662273051288779,-0.011312328415482487,-0.0019830626081429486,0.02593797604301057,-0.0047785514985418595,-0.01438463238748824,0.009798681506056874,0.004082241884802787,0.010191439791564633,-0.015696178957615027,0.027570261085633548,-0.0021871760453228938
2026-01-14,-0.02119901130426552,-0.018367592840414827,0.008826663100012656,-0.007326610180449087,-0.04098755228438113,-0.03692202427350989,0.02917818387347238,0.013867933463680976,-0.014795639839940934,0.008638609940330211,-0.01211587174716096,-0.030816692972209923,-0.0011642145101833645,0.02351150774962324,-0.010203488788167198,-0.010340757106957145,-0.015806869140486603,-0.0197351656766666,0.004460822844746292,0.01886099042947689,0.009426011555762608,-0.013861436206256378,-0.001961347706627487,-0.007418314094314561,-0.014913559048173033,-0.008368501455658161,-0.010085462294934068,0.031221380019100402,0.018788207403521426,0.025128638665881466,-0.024285529183213965,-0.021007537982911727,-0.05318811332079846,0.01647070723996286,0.023045370302763466,0.01635526039929548,-0.015266281247266169,-0.024642778170910918,-0.012313207673561801,-0.021169480037102586
2026-01-15,-0.009847249035135633,-0.033958670864838114,-0.0015908065613617593,-0.00913292413473897,-0.013515500085518878,-0.006491877819475886,0.00825366833793699,-0.020604286393417947,0.011344984618359394,0.001959090648962461,0.007926820126151014,0.005558779650805578,0.010116165150583266,0.012769354936138663,-0.011581750068236283,-0.0009397914891905836,0.01069622213171582,0.01003369936047636,-6.257875515074379e-05,-0.018502044285074216,-0.006356254501645224,-0.02741457456493813,0.012879328686294187,-0.012718396912359707,-0.003612953094447494,0.011014470893562014,0.002382479050964921,0.0016520000602925546,-0.029281459580691206,0.0007764651420916965,0.014726261920895514,0.018605023542536528,-0.023655750048116226,-0.015836783726947173,-0.014618089552443113,0.00332168152356384,0.0052944785702302545,-0.0020737001549690215,-0.009355689418113327,-0.014225785125941104
2026-01-16,0.02201589919088346,0.02571679575158938,-0.013549517149031036,-0.03800228731778025,0.009654917310046475,0.013452264826071723,0.016618671923878225,0.02573247374810099,0.02651823332988098,-0.006080121800103407,-0.04434707388759094,-0.004773115211879618,-0.01721470325515322,0.004501886398328518,0.014700447623817463,0.013964720127725158,0.0049548473455619055,-0.026911446315237956,0.005023578361706613,-0.03295938499528045,0.012397545757997376,-0.021613072420908982,-0.00939314329139288,0.002889196770502124,0.0005042658983317122,0.008299643730693055,-0.027340329711782446,0.011255465438066397,0.021641833892932925,0.014961937733378665,0.011632967943643028,-0.028445650550670273,-0.01911439435725104,0.0024758325234793405,-0.03279634787003653,-0.015866312988101705,-0.002748103700128548,0.023530959727120115,-0.013973846156912988,-0.007426033812834456
2026-01-19,0.009825916881527251,0.009429424466380567,-0.031988017612897233,0.01741092196901637,0.0533561363479865,-0.054381497758327506,-0.012112874233481664,-0.015379732563248694,0.02654982530180439,-0.023058261939389386,0.023104155742263453,0.011246119218700173,0.025534658411261787,-0.0019469616364098427,-0.01717406839513961,-0.03179572267478562,-0.030025051960940498,0.07374543770898948,-0.02419972454162545,0.0067391261746589355,-0.025413376861118536,0.006745398561456738,0.020712245149885358,0.0017445103689998145,-0.009441049997510222,-0.01766679940346095,-0.0019408799522159055,0.023898386355874792,-0.02033430717665758,0.0038611911709465563,0.022881783084461774,0.05385636621095097,0.012879739694729825,0.001171000245483235,-0.02985910841604166,0.0543488648135683,0.02475814936856894,0.013238413896598415,0.005048538001111144,0.011676103188861899
2026-01-20,-0.010056208779434094,0.002887284550185653,0.013641908165278374,-0.006509963623503566,0.018066116449577056,-0.021639753756280695,0.010591143166826855,-0.0015800589446058905,-0.010051221460831072,-0.002125051225367783,-0.0042467677082865425,-0.002285906299464015,0.015622215936784374,0.001499904817845692,0.0028169518379661056,-0.0010868586918600228,-0.015100716331810305,-0.006627474495752558,-0.019440016892163473,0.011235198903009364,0.00014674459771269995,-0.01119050913072524,-0.0005994091017970365,0.02453262855483458,0.011201815430241919,-0.016143087033074415,-0.012167932826962352,0.012381503349075663,-0.010377475857953698,0.006958846779594098,-0.009913217127920076,0.018553916836948195,-0.018065950115770328,0.003602222829547688,-0.001670239090388072,0.008993041246503485,-0.010323722633787825,0.012577191584741534,0.018283842300207114,0.027012034693914996
2026-01-21,0.024501408691401813,-0.00807059329182174,-0.021674081748339936,-0.0229769559949105,0.01989649690523821,-0.015308978905180733,0.01801766495390019,0.010499041633572938,0.016102331831409137,-0.01575285140673332,-0.015400031563869269,0.004612234260729487,0.005073081848929498,0.016818287137778075,-0.005185995969629399,-0.013912698008026362,0.011931788106679588,0.009385079859898974,0.007603048109030179,-0.012563119847996285,-0.009347735373336202,0.012257588614164403,-0.0037400276038632805,-0.002061628456036609,-0.007228619757446681,-0.0023464896996217076,-0.00927646851559398,0.018659788945590363,-0.0009367075893928611,0.017009686996319627,0.008937994360005513,0.026873436731873153,-0.014445087136397491,0.01790531138375475,0.010865644361501347,0.022573529289484372,0.001987019267163928,-0.011239748476022066,0.0017720279657275368,-0.0130762348068219
2026-01-22,-0.008358589344495578,0.010946392432868716,0.02942075624695665,-0.012547461049390415,0.0024147052484638962,-0.03255842935521607,0.017430169395704125,0.039565076291520826,-0.02184804070703337,-0.01023976346795918,-0.03511218082744149,-0.034286826448806165,-0.012732831150339513,-0.008412192396780519,0.026848568581981834,0.015874583920290473,-0.013672060778177746,-0.028554066183877475,-0.0034233488266167383,0.012817645926141407,0.012601604281860773,-0.018655693846890926,0.00947362544092553,0.02001760172451118,0.016695693362720553,-0.01407426835542409,0.0032801996472087936,0.02528507498661865,0.03179899933793929,0.026367487101167285,-0.026010260544015465,-0.019773045276956495,-0.01451223018369045,-0.015695156162788146,-0.01897009985088431,-0.0004219295593516823,-0.00823852123941619,0.02904421972040287,0.005536957868809539,0.0024537554130491523
2026-01-23,-0.002488903743159454,0.0040582940400003585,-0.0065623138908758845,0.006151374408989101,-0.003725013629128292,0.055475187418677574,0.008652452022164973,-0.011334896977308698,0.005338433244566795,-0.017472880739399635,-0.005173262075310537,0.0015464047111380425,-0.024575368223712903,-0.0077861296552241875,0.005369911662223978,0.01643018845778295,-0.0009874033791091863,-0.004923459602883672,0.010427225439246282,-0.0037151296380542906,-0.0024082763330608645,0.023085655688520695,0.0012510284489307077,0.01908346423938423,-0.009088436043039928,0.017038513376999777,0.0067287521136012345,-0.02688824216960762,-0.005677840439686261,-0.009411640023220365,-0.02708570403462549,-0.03293058976811153,0.035715525036911173,0.007140411522650449,0.028760925541076364,-0.02697053583047759,-0.01667123292559495,-0.007113704270000349,0.002200761678906366,-0.005273447804123444
2026-01-26,-0.018042945000798193,0.03695894999821819,0.03361576249043862,0.01375434213318542,-0.008554595144163074,-0.019737895700507366,-0.012077018233851593,0.008110160000838166,-0.011658827461730286,0.01477257883095652,0.03636758131955928,-0.03351162616565264,0.013351453867266522,-0.040557360353621945,0.016647935910355988,0.00639292397709762,-0.035203485295525604,-0.014272606058726876,-0.03885306531985408,0.025274591582031047,-0.014305733852658526,0.0030660009143975405,0.04291351483828962,0.01808975945524578,0.018365556602466505,-0.010728407565808746,0.04651850039331686,-0.020606352538400687,0.010559391278679399,0.016862482501262724,-0.019737401678439636,-0.013436515165834497,-0.0190471871769256,-0.05375792681594058,-0.0357842117614534,-0.014142561332026522,0.01652317684496029,0.03467582662282476,0.019854674356062828,0.02192179415307834
2026-01-27,-0.016676615935075714,-0.011563354140131814,-0.012943148534777328,0.006397203983614054,-0.0026331355105012454,-0.021389768364435163,0.013065493660041408,0.0023330354299531926,-0.005448701395019993,-0.007808222317373171,-0.003959272213917798,0.0030093354361885507,0.026078508464802315,0.026482633894417934,0.0013117382229410144,-0.007738565196780425,0.014856010949490244,-0.0098906981128539,0.0047865430531780565,0.02435161681099312,0.00016563900511827514,0.01887194432735404,-0.013587209958176659,0.018258227833174233,-0.01786641231316392,-0.008351342847958557,0.001973629155060736,0.023912154997659765,0.00476436301593842,-0.02050322398780115,-0.00933545111169036,-0.004649770109743009,0.005625385229384933,0.010849080184521367,0.03133396116791022,0.02551424433814682,-0.005467405206308833,0.0012709604195296174,0.010348444656372604,-0.00921344579272113
2026-01-28,0.012822150385258916,-0.006135372072520693,-0.012973086678059338,-0.02443550877658063,-0.019743348398259787,-0.009218967121307747,0.011098505371823966,0.011595348019993654,0.02126638875532478,0.009297991406009247,-0.027470286317982574,0.014259072039794991,0.008074310909472367,0.030218593818788157,0.012239979262695898,0.004544435146832887,0.018779547001610865,-0.0036446338254238486,0.011640863350360657,-0.017539548790391976,0.011115181423664064,-0.018008361223304466,-0.02458538536788994,-0.03679518625672312,0.00786319044014006,0.00022897707931072726,-0.025581599661760233,0.03783848638970564,0.009609704772391047,0.013735973281369097,-0.006990797728764718,0.025361693438958336,0.01139960871399483,0.019327914941779527,0.013112869767551218,0.0028213359407770304,-0.0022542340435502566,0.0031109139660882214,-0.034374466303047926,-0.005842120452309438
2026-01-29,0.0031436147021116643,0.02473858946584303,-0.009747726204131715,0.009922325598956689,-0.01799456490527898,-0.03622995440150181,0.006226731512419859,0.024236965751339698,0.005717239786778114,-0.009463801604432526,-0.01784472735374604,-0.006905891985559603,-0.0061303969123031364,0.017268658553064378,0.017545974191648248,-0.004952603232038336,-0.00638107527904142,-0.00628127113933725,0.014998062485983532,0.01359450854267968,0.00142418383239668,0.0011666623768030364,0.004208821150850352,-0.005825207293322112,-0.0068564037887871715,-0.00879824457376569,-0.00625900748872139,0.025145319972415793,0.03452408054154199,0.0016520933567301874,-0.016483729953814454,-0.018148890609396614,-0.017466705368201742,0.003862711806585855,-0.004503664614900635,0.015044956488638912,-0.004876637149376454,0.006266355634770209,-0.0060972004532389235,0.010678106027906127
2026-01-30,-0.017034055438621493,0.008269457502585037,0.02009181046138796,0.01415477089376688,0.0075720872416447215,0.0036796381502029966,0.010681462284322873,0.011928080278696377,-0.005030384264434407,0.033326149823817416,0.021778689007089982,-0.011259945183501303,-0.01200819343966852,-0.015721627638758767,0.033678757389241296,0.015420888617360622,-0.01071028229168321,-0.03092826009439699,-0.011897643076005653,0.024271484369625125,-0.0009449404680077966,0.025326107227451353,0.011187825403572183,0.027266144732931336,0.016121259598931004,-0.019821211778944563,0.04620295767692087,-0.023470171211993462,0.012503697631618058,0.017730478401074362,-0.009587714507208262,-0.02009559803721161,0.015563725110658427,-0.011450052495146183,0.020097356286112478,-0.024732224445655742,0.008605449914596722,0.021447818731194935,-0.0009163755352658461,0.04158479997463348
2026-02-02,-0.006214924030306553,0.04770099184038397,0.003273922019178478,0.013154042591486271,0.03704040243068765,0.020129910119596396,0.0007643077017065831,0.03339870596849945,0.023252822282521547,0.011533306705237462,0.0073473614544246925,0.00784882580530469,-0.005094691253988129,-0.010911336740993366,0.03326399070246842,0.010873177417750682,0.0028256835061938566,0.0049749511326983575,-0.016937989292080888,0.01677890669855081,-0.006899004412385628,0.0035178610436481395,0.02564203159818827,0.04260855059859427,0.01618009815127318,0.016178519794477823,0.03587014036559641,0.009880826644327928,0.01693142004405879,0.011791672060257233,0.01107674452158874,0.004004461075299812,0.02637412293826932,-0.02803310443661368,-0.03576887905541377,0.009924355529821268,0.001457828377141441,0.0449406406711549,0.034054606990806605,0.020555990486083225
2026-02-03,-0.005080900222604796,0.0011782650998249707,0.008099790135436111,0.02425961127196429,-0.011811349130980399,-0.012724561191321968,0.023870614465718396,0.005727125880971275,0.011876965704864528,0.006273025392935399,0.017757346097140293,0.014156673629426745,0.01106111572373133,0.003712659469999765,0.007979727758017158,0.007170346144240623,-0.0076349661396500025,-0.010044611918552774,0.0030534340274451077,0.012694757645714339,-0.011478732519263561,-0.0028818090947800076,0.009247991836601908,0.012052930557397134,0.005037801202927419,-0.008307124375843526,0.022336817782457843,0.007508542246138858,0.010631842454697494,0.013892091208397293,0.00669274173518563,-0.007454348646479934,-0.01567084783144721,0.011386970581869153,-0.007598778312277561,0.011418130066207089,0.00015612072692931323,0.005060235648470906,0.030100069119447927,-0.0051150226638169635
2026-02-04,0.02428574581003064,0.044491727477592294,-0.00954564275620326,-0.04535152071009438,0.045616233927005714,-0.009157033580977025,0.019726352147264217,0.016860467356021872,0.04847728138973578,-0.002771466014763288,-0.01863611562344776,0.017542563943764824,-0.000551200198108219,-0.007769394707990259,0.007311027237387368,0.02803361075361923,0.0181239466960228,0.008224822972361642,0.005535037649199506,-0.04222041262751699,0.0016317464108631405,-0.04233263933463128,-0.011249879253990073,-0.009654677628759276,0.009136078821810884,0.01907661920968285,-0.0020198486064579,0.009406752261397918,0.01402777552054173,0.03860005810024366,0.03631383035992554,-0.018465212281237764,0.010754359379080935,-0.015178120223177136,-0.056382045626381355,-0.004368687931658539,0.013655409005239174,0.042546073524635235,-0.017772296052040518,0.006551286666440733
2026-02-05,-0.0138000415787513,-0.0025244860685640245,0.011789092882182176,-0.0066749334154005266,-0.018136361025221707,-0.01493406973833902,-0.00867886621824445,-0.0021234982100125834,-0.0191098073087957,0.00306547589173526,-0.0010453861560338062,-0.02709405605204349,-0.005597535929713633,-0.020682701342225024,-0.012577284666883059,0.01047726982633329,-0.01968090352087582,-0.014443423547186226,-0.010102247940874632,-0.001663484688961125,0.00019737779243480407,-0.01690691657779308,0.0039212689354528926,0.007353138417284287,0.009885128033503655,-0.013838498678003007,1.8075775210712672e-06,-0.018892255425299594,-0.010702543435861989,0.006453929634542084,-0.015469698659294932,-0.01636346971019328,-0.019884572710331762,-0.020311983969568525,-0.006737316050014191,-0.013937764262398896,-0.005599305765034021,-0.015377726511557988,-0.01698918720345231,-0.026809890572970566
2026-02-06,-0.005055262369532217,0.020617922150001987,-0.01202778283153238,0.02402331780407423,0.039208082341479614,0.0035476577457636497,-0.006605566236494116,-0.003698584515669852,0.01690122661078864,-0.017768965799003163,0.04221972732635923,0.00651451649916916,0.020127151227731205,-0.0062883089789804525,0.016104968841715788,-0.017857341862379573,-0.015467882975610848,0.03300019812959569,0.002437040446514346,0.04321090347890395,-0.01494712118574383,0.047993395402698674,0.01854341834227046,0.03432193094186661,-0.004543309148080975,0.010402964851706921,0.0020498690612254754,0.004085198053796393,0.011213668361368119,-0.013249718360019308,0.02577577536800937,0.030866142286565534,0.020002670435895688,-0.011442475663208237,-0.017300185470787786,0.03325585054422846,0.007888661420699517,0.031486037751664066,0.03375818789280683,0.053657093652502916
2026-02-09,-0.029245409719938935,0.007368865335166176,0.004055244836302135,0.02072105505260241,-0.011255124258317128,-0.009425127327420152,-0.011188721238082231,0.0005321715486176623,-0.024140110508432566,0.008400043851754309,0.02195244474624172,0.0030991178973544184,0.01169517906400871,-0.0008800883495178081,0.0018669643928911884,-0.02244737970575251,-0.01609379165968136,-0.002392714775353579,-0.01788628624816439,0.05139495145936742,-0.005217170949479628,0.010416149942463013,0.020834513288423482,0.0015030772921568371,-0.001365495293565768,-0.0067853362293113,0.014314495640391266,-0.019247088302339007,0.004031649105158094,-0.012655102470184997,-0.004269541585211914,-0.005944554003722276,-0.001974261278308657,0.01863801093273748,0.008397025293718679,0.005696790296349519,-0.0012831824474007166,-0.013773099213122437,0.02270551216673251,-0.0017052805340250752
2026-02-10,-0.003910395338130743,0.0034038666436638737,-0.0035875807108796767,0.006858906443670092,0.010430900672623273,0.05117573072490938,-0.02027948701319407,-0.03120369722656939,-0.017966226515057786,0.006574914195690456,0.011935547056259637,-0.00417030800840721,-0.01820822977544464,-0.027721000033693072,0.011194069798872504,0.008675364411436112,0.01678862793465761,-0.0052086455950849184,0.003441609448190493,-0.021088377659242735,-0.00484812437133297,0.006511634915911571,-0.006660172847630227,-0.022299899153576684,-0.013661494364778677,0.019878091486503057,0.01089512981984928,-0.024940709983809744,-0.012767077937204897,-0.01802672948008348,-0.012519570979459861,-0.002912769566356432,0.051543513511909646,-0.019512165298994792,0.03905938905816353,-0.03569159659379954,0.008718564600102546,-0.006317266144115719,0.02099324927022613,0.03227212457561084
2026-02-11,0.010183372155512536,-0.00118941596823472,-0.02515814692295963,-0.016498936429700916,0.008978301658125815,0.0022078179279301103,0.019004372019858048,0.024464744843274787,-0.0029544797566431746,0.0019153056167109557,-0.03356161452951025,0.018837806281434822,0.004455569925320565,0.04567676700307894,0.01067763400840033,-0.025020220295039343,0.017394426286873457,-0.0016008426237768465,0.0238216495949812,-0.0011141671502020436,0.007444102205140404,-0.006628357678918253,-0.017682775953123044,-0.012384344275622815,-0.015096905805070414,0.007502420793250315,-0.01938594463884336,0.03670012654832151,0.018516864603648982,-0.004752508493805232,0.012290927437240116,0.015297929565889715,0.026489190393625624,0.043977583328475255,0.023206291679762646,0.010659730686961607,-0.012540507372954474,-0.009896520282930693,-0.013372607223214813,-0.01657355699360672
2026-02-12,-0.029587496937607427,-0.02444538557058208,0.0029190829386905987,0.024601840842241745,-0.022337379352359483,-0.05522267224149573,-0.0023550210184534854,0.009356036570878096,-0.0014296698543946218,0.008420384800975756,0.017981975447480973,-0.0077314541582675185,0.03179521253915948,0.00541701194217286,-0.01822328130813609,-0.033397383939131095,-0.027224993881013616,0.025207715002198365,-0.014665812234626196,0.04087633101441272,-0.006029672888839149,0.0029247317869302222,0.01889094321184254,0.0034708777352973766,0.016030229093336748,-0.03057444610146584,0.005399711189700432,0.05537980610548506,0.00043747335733558025,-0.018089369104971546,0.004232622730488059,-0.007374150682846879,-0.028625465096649136,0.030305884061019257,-0.01267966564135447,0.05148982745539751,0.015217120961873137,-0.01668853627939007,0.008502962703129585,-0.003848012101980373
2026-02-13,0.02604188735283631,-0.010488199315915622,-0.03220421441652078,-0.022645599864680413,-0.004822698636217693,0.005612850957318906,0.032058600552708,0.019632271502049724,0.02458802470921185,-0.01452872484119043,-0.05136968573222032,0.018423111297747666,0.003259473321281999,0.03514000289462852,0.00900477080194324,0.015688268056217414,0.03332352870415713,-0.02601299268097899,0.02143849480816773,-0.030005188605141023,0.015490166307360612,-0.03927954462004195,-0.01546674810965882,-0.03672404327799099,-0.01267383490894422,0.029559570354309055,-0.04366585769265245,0.026970353210616842,0.018448505993403107,0.02202625422732743,0.03347312177910228,0.004289210407864346,-0.003969420624742656,0.010665307351774598,-0.012116406404590597,0.006642687803147543,-0.012293092945967083,-0.01682241514663626,-0.038652538241237815,-0.009653984605943512
2026-02-16,0.01454449666852912,0.001352973732281328,-0.010706498566181222,-0.02122929631886438,0.009838855734946816,0.03626935769373604,0.0026250924334079977,0.013501447031422127,0.020955644069418133,-0.012939552617041085,-0.020643319722806842,0.00709535226361815,-0.012290837610440138,0.008938995267072586,0.015228202818359144,0.010504041834581052,0.019256949238015984,-0.014754533076043328,0.025357873548664575,-0.04114106950973544,0.01360159794422896,-0.042629409781938195,-0.02234969468544592,0.0009320479720087479,-0.0052277889188079695,0.019711883828596635,-0.04505796109010199,-0.002993550776179362,0.009694773616208565,0.014358082419913952,0.014018957742830268,-0.016277540670157638,0.013933320883761452,-0.012832269813922444,-0.004104332756245325,-0.034940010932319424,-0.017564637957793734,-0.007093597697678271,-0.01062696514330191,-0.008717961954623838
2026-02-17,-0.012033877436355273,-0.020622778746971136,-0.010883555253725781,0.025116548129320238,-0.04651113608095701,-0.010019990334788901,-0.0032993237308275663,-0.014809642145085814,-0.027313063959774966,-0.010882188492986444,0.005916614444417846,-0.008955706852573402,-0.0017923287157639353,0.010790805603828514,-0.020413575062783608,-0.006542830827832072,-0.008678580172028378,0.016274418587933097,-0.0014914303015344998,0.019780263935443368,-0.0023117487785707293,0.0141444891356406,-0.0070281986324561615,-0.030067327420800333,0.000836093894913448,-0.005868078771606887,0.009690548246468624,-0.01678571244573998,-0.000418694546687956,-0.01585668262675812,-0.00895329654835164,0.008978074215754712,0.008127069248308265,0.004398831540767619,0.01688174026875868,-0.016907658068173584,0.005885974039841011,-0.018168504811862295,0.009565536026095613,0.024105467180366387
2026-02-18,0.0006337364873653323,-0.028613374104561426,-0.004095378706284906,0.004637832059090121,-0.03546049330203077,-0.009604698334507139,0.0022632261850654162,-0.015335515889737673,-0.004404459150447607,0.005393258851236293,-0.015905489611387685,0.008766327425427396,0.008492847287954708,0.030817443119454203,3.280875313732296e-05,-0.014489414384493884,0.006574023844082212,0.010933250409549027,0.020564934898717326,0.011414341806727533,0.019177641438352287,0.01089762539850184,-0.012611599690477666,-0.007210603327014618,-0.016426780724306037,-0.014776759094954003,-0.023229895429923694,0.011170575372758,-0.010612524806822213,-0.021928967761399312,-0.011062960472884313,0.015718571750260573,0.0064951244860217295,0.0056724518701502386,0.044954541248809196,0.0065198616977196686,-0.008506670237432309,-0.03214606541449443,-0.0014567514665884988,-0.018231977277877575
2026-02-19,-0.012060895681489731,0.02596383052862989,0.009767116121297941,0.022343069041249136,0.007300401351451967,0.06483820289347024,-0.011263556083202288,0.005254825097185006,-0.020021605347202806,0.02497688084108919,0.015538749213672856,-0.0054098093950371035,-0.02042250999529609,-0.013262175309211545,0.03261372804070861,0.02577728761493307,0.0138800063495828,-0.042682548239005136,0.016506952122471313,-0.004934536043857191,0.004862987181258587,0.011580722756497127,0.017279835987411223,0.01793164382029738,-0.01472491692047772,0.029105422394642786,0.020964983825650974,-0.04672928106395426,0.0034553189819827674,0.002430667616806055,-0.025998722684462634,-0.007583590075244402,0.0362354288702034,-0.010738067958598841,0.027493069090034083,-0.05538310282247656,-0.021753503575296085,-0.014714884426209083,-0.003082332798759012,0.02345737388689781
2026-02-20,0.039605153724003875,-0.000895047320394694,-0.007560523211218492,-0.024356803226934457,0.028311147637546843,-0.00847007671588044,0.006825077777796762,-0.001275155297747391,0.04481558186807404,-0.022114966065991663,-0.040407499063411775,0.010953200193988856,0.006777881387790387,0.012988540871692442,-0.022916500154682006,-0.0028516694367819962,0.008993087620672476,0.023243277892510454,-3.7238018179381216e-05,-0.01901427753844433,0.00011624327415255941,-0.03633287611053865,-0.0120745537387263,-0.02207703562358537,0.007688780305693764,0.0005600759207687791,-0.02795930019269838,0.025943643148614325,0.009611423178052506,-0.012228760498511978,0.04537187996522171,0.012358657614376458,-0.024250995546730422,-0.031198730866554728,-0.05188820549587237,0.023116046837971103,0.015766493617831556,0.01881607940759766,-0.029736655621699543,-0.014927329481351625
2026-02-23,-0.00220206929307482,0.014188145300077679,0.005360699599112489,-0.012001350527517564,0.0020198949471868658,0.06794809983226698,0.00642304134185606,0.0028938118678122435,-0.005899039064032151,0.010976412664020233,-0.017058131484384523,0.009466230146868891,-0.03204808211499898,0.006394483951074559,0.042994780618634355,0.04144709097320887,0.03049665624104192,-0.06464367219047655,0.03346669462797094,-0.025274561223853853,0.021724263254842932,0.0024573517246306202,-0.019726267957857663,0.003618387980972829,-0.00447821627223584,0.025386456090173842,-0.021901740010006027,-0.040554804995885714,-0.005691392567570571,0.006180805447057319,-0.01838971784959585,-0.036581886401976835,0.03698214811430012,0.0009511073737595768,0.03796858925382894,-0.08989944643476767,-0.018139331394484925,-0.004776486878541302,-0.007735477121100688,-0.009428473702300953
2026-02-24,0.007864557308216216,-0.002462300829029912,0.0022562944529414524,0.016555623863131842,0.009652508158612037,-0.009584665327342323,-0.00809096082940746,-0.013206641982211196,-0.004768492473244803,0.018206719422065566,0.01788198536391085,0.006799128865880373,-0.000650409780224858,-0.000459735303901883,0.004715426488822178,0.00298035221967672,-0.00906695205636678,0.014358315137186847,-0.003024026494599318,0.028189057890918676,0.0002015831262324394,0.02368641862050993,-0.00406080392461732,-0.006391956317187598,-0.002361910740238272,0.008251257041059576,-0.009746526039998307,-0.003016375389716707,0.005307013555147736,-0.01530838104921729,0.020311073442742793,0.024901336366729015,0.011123949731826245,0.00526523802352031,0.012341781180148932,0.009706630202006246,-0.00900792638340427,0.011707364350443795,0.01252458551468223,0.026346320890752527
2026-02-25,-0.04548559527377377,-0.007614603619282015,0.032215759448927905,0.049685625237609006,-0.031393417891516034,-0.043442138380430706,0.009534197179518363,-0.03141866810575261,-0.03586979530901428,0.03653117109766961,0.05637087191400493,-0.012685138995782056,-0.00013020701711061525,-0.00010933221583148307,-0.0003746983866874452,-0.030888876592387874,-0.03413243987671114,0.011642280797064072,-0.0071146937054011195,0.05898202353059688,-0.0031223287930507706,0.028670925658190512,0.025178689427144196,0.022597855401853918,-0.0036248415346031015,-0.018693245773381332,0.04944907522183806,0.0010083356528987845,-0.001823537990217252,0.008164568108713723,-0.0295762000781207,-0.00019357046074915596,-0.017437597026984983,0.025225302910272026,0.02480744158481138,0.0017340172112375188,-0.001010772021698171,-0.011480031594068725,0.0263602365077743,0.032067240843316164
2026-02-26,-0.027456444037053884,0.007086742723105934,0.01985695985265112,-0.003665713531292994,-0.021478510084079954,0.024186732431872172,-0.008991559709945012,-0.001836790480943859,-0.02227165712905436,0.017871383672614337,-0.004845347269913629,-0.025969585616814693,-0.029413462500203016,-0.02152343197529439,0.011848256106088396,0.016367425293370617,0.0012996966294076305,-0.03012493291768603,-0.00954245850313854,0.0018910556555037702,0.00841844190647147,0.026892205681116457,-0.015123057705360304,0.020435369700709333,0.007740979002028396,-0.011723605386064095,-0.013238082486792013,-0.03833894423539777,0.014938848178500417,-0.022294904536396598,-0.037502355035758,-0.030006275036466114,0.01520138437376473,-0.015984247630143868,0.020823452482212693,-0.05784254157576263,-0.010771752292337917,-0.010678777483463835,-0.02364383661006999,0.0060633471301407855
2026-02-27,-0.04259010870796936,0.007171055215546363,0.025679751598394824,0.04310204253241577,0.0156370897952207,0.004033177999190052,-0.01846914907795938,-0.04201222070208477,-0.043150122816594305,0.023336126264639795,0.06383225005073002,-0.0005126073819575767,0.01469005476277775,-0.012848067588618168,0.007531105616389684,-0.01925400496743455,-0.02335515519171813,0.057481949900591564,-0.038822430136377414,0.0473592313283145,-0.012904256637320663,0.06175691449790444,0.01915322113666601,0.0278819484292369,-0.018340996364637097,-0.02996680856380371,0.02216824173036179,-0.006831490524312159,-0.009208927775118147,-0.03507148293595246,-0.015041203049584534,0.016215100753190242,0.029412424295588897,-0.010024438524473833,0.03509970074421227,0.04784212331827929,-0.016161640631146716,0.0004266667552198073,0.055448056397151335,0.035514293116698466
2026-03-02,-0.021988902247857524,-0.007318466389122241,0.023121243059612218,-0.00032681355552654015,-0.03309895982450332,0.030777885366338346,-0.025149326779962934,-0.033528231166571484,-0.05433629240296651,0.01880800854554197,0.0048949805796867415,-0.014762758522892397,-0.021186867326205214,-0.01653638476000329,0.004038627176470076,0.007539524089313157,-0.0026530046528977376,-0.020145763061923366,0.00028074447471634206,0.006247397927218091,0.0106569058029111,0.014916937828281874,-0.004231632329060306,0.0016314077273437196,0.0027932624176180447,-0.016206221003759562,0.012291135666052834,-0.0531329986698148,-0.027075235691431537,-0.03904271363866292,-0.057082042027327425,-0.026415195056027855,0.026887288959121236,-0.022317677782751715,0.04025332880053276,-0.05197628753445123,-0.023387824989772498,-0.008470213134031767,0.0037426294973944094,-0.015145434515059248
2026-03-03,-0.0061987364590392,0.008694749453069112,0.03219653025438749,0.00866172891536747,0.018668208810977006,-0.0011890253352712429,-0.006813543233058976,-0.003924293869694267,0.011948813827519354,0.014238423978659275,0.016830500427915954,-0.010115788119309911,-0.018194499273344517,-0.012169461137800628,0.0020283380136883015,0.004667068399005745,-0.03138654184124397,-0.009561449487371016,-0.019231604335066307,0.005786775522545816,-0.006739568327688096,0.006173448803331547,0.04701059375811674,0.017311231176049557,0.0202010468118434,-0.006211999161558136,0.019741456408188474,-0.015777077304680105,-0.010614302229152536,0.016992227501325854,0.0003815227980905637,-0.02313481124577448,0.008165695136379218,-0.02425494744962922,-0.03548063419878816,0.005365797262600766,0.0010445125040693644,0.03149859582516824,0.007120094130434797,0.008823081932917736
2026-03-04,0.015489568180151686,-0.004007150703655964,0.0006412933225679951,-0.0114708642560762,0.0076372933365509345,0.0009585626586482085,0.006312035740832629,-0.00889002066271492,0.01105623752496018,-0.0034316370857619847,-0.005954617452376133,0.0035633642865277957,0.013550399984850404,-0.009286605773341023,-0.004088476057126998,0.0024238776385284684,0.007286373885241696,7.34048516494619e-05,-0.012609584323653503,-0.029322170817473882,-0.00020689236207887488,-0.021887094071946715,-0.0005313050055193408,-0.038808653262794826,-0.010152948475411611,0.02837740097013767,-0.01078736724605682,0.009076493525687367,-0.01863422302881097,0.009996807818633843,0.02370470534013703,-0.004623728746743031,-0.001410981228892487,-0.0004091481114996087,-0.019865956222535935,-0.006545378640905285,0.013982132066532392,0.011075157378156304,-0.024217221506440983,0.006955883979869938
2026-03-05,0.013948024914188095,0.012329700457142066,-0.017255288275603287,-0.007733780851669136,0.04639939451251478,0.03333289425609119,-0.024482324753179754,-0.022676149289528248,0.025087472113105604,-0.019285515328389506,0.02339949409097442,0.01852893484826077,0.004191536610061733,-0.005548488300372424,-0.015623747107722161,0.016887538980732756,-6.0596797784575815e-05,0.028976176761430536,-0.000765663210325358,0.005152716813473372,-0.025590401304543993,0.014770046714342198,-0.004315711938276576,-0.002796957357116718,0.005421041923218866,0.024683989063404292,-0.009562112715074754,-0.0009493608728131659,-0.034978714198554084,-0.018644648055136295,0.01938522051545303,0.03265048357518524,0.02082405497235246,0.0008668358523550137,-0.022145027684140853,0.022682581166571427,-0.0012931206716338146,0.0021630802346620463,0.020529169809831237,0.02751599107098515
2026-03-06,0.010665970569047773,-0.004696782312834175,-0.0005344785079316574,-0.001704794694981233,-0.060543051841787356,-0.07254618900812315,0.01835532495164878,0.02661722203731755,0.007690651925490614,0.00885137516857772,-0.04709333084730326,-0.009041166621273335,0.021701511986625507,0.03667118228876297,-0.0061975752960185815,-0.010282042651920653,-0.01793796668739118,0.0034641639738072936,-0.015669431784562645,0.006967213726697389,-4.2045357521234075e-05,-0.02509680526294915,0.004719078154156422,-0.02040897658899464,0.002919873327078065,-0.011193679755234956,-0.03852674574185193,0.04251333677938678,0.028726486950823676,-0.007171469588021822,-0.013393898997951747,-0.003518451592145278,-0.05521088831027362,0.036515731135670845,-0.00305895144638738,0.03519048343431789,0.007998160481095511,-0.018015512314579,-0.022570697716986915,-0.04393398422837316
2026-03-09,-0.004155708563589636,0.015740472317072686,0.023900577011438287,0.004641293473319539,-0.011638631078608281,0.01564749279279814,-0.009116997995465143,-0.007136283097934799,-0.02691248558591931,0.01532995540373426,0.008857106357759085,-0.007457606993322964,0.008978878143834176,-0.009598582199549429,0.004813231437019211,-0.01022780293916828,-0.007585026562344789,0.022366751899808187,-0.023396117161980905,0.012570607750197483,0.006372274339306003,0.017049264316768883,0.027348268548340344,0.0036967219020483397,-0.0041128629364983816,-0.0004417917680190186,0.003149575650037418,-0.021430611081770256,-0.007393664845080127,0.0007906449469937613,-0.009626215282419658,0.0034516211892059653,-0.0038939760821826287,-0.007200796594984642,0.03547434666239644,-0.00546828045590138,-0.000991113909995427,-0.007575972717257561,0.00808941654094952,0.005552000578224245
2026-03-10,-0.022324459668132617,-0.01883335090722637,0.015329551622542884,0.04483347465474993,-0.01214835901303702,0.0015991864074279792,-0.015580984226910743,-0.048082507195297296,-0.054181300199528534,0.01319637556653853,0.05251022251300201,-0.019249155950488407,0.012688514118092943,-0.0069512433706030215,-0.019114197868580575,-0.03408106315891947,-0.02315414368128403,0.05705320200773005,-0.013587048224455115,0.040950794959756384,-0.02563815600441939,0.0332019938172719,0.0027649752812938053,0.0008863791055227655,-0.0017201979992792242,-0.028881859085793254,-0.007262267041192186,0.0011787755325489927,-0.04337784548221488,-0.03993054138349112,-0.004400739860215653,0.04780651397273058,0.015955103420022813,-0.0017890369641586513,0.04252246417506805,0.01704307740624159,-0.015071270655380786,-0.022979297211284347,0.04452371957726619,-0.0017425903964871266
2026-03-11,-0.005081136220506363,0.024107755580937147,0.039308386830342865,-0.035858777141619155,-0.00152171442335923,0.018025781616958975,0.010920321973663143,0.023483985414813377,-0.022098739862948604,0.019662853102458584,-0.04011481995394066,-0.033540600444129647,-0.036081879014631106,-0.03618466325281031,0.03278423710344463,0.038525076724633935,0.020703162347336206,-0.0750166246764669,-0.02380967624370581,-0.026264838181245063,0.009855918963636325,-0.03430266879624182,-0.004034146861263147,0.011793875579467145,0.026539372399804438,-0.01478096438407649,0.011915640621971032,-0.012003401923787613,0.030832483752673858,0.026749723729363108,-0.047049543501767536,-0.07578799674797312,-0.0230907997664353,-0.06104257388496242,-0.025768143426867035,-0.08562758651776085,-0.007155845392519902,0.025132199953319563,-0.03997963395590246,-0.01504047527911545
2026-03-12,-0.005559192757448871,0.0020559390685997376,0.023841755639220148,0.011452632341150655,-0.019876806481803407,-0.04832965752899092,0.022790015426576153,0.026197623166461983,0.002882286500759496,0.01837277923678253,-0.014402557935898723,0.009488132293230376,0.02101233078527445,0.024858118466994233,0.015551539382714936,-0.007527993896896397,-0.025433198239301007,0.022393792244220067,-0.007931112713028456,0.027328754093899135,-0.012103601827044171,-0.010006656225188723,0.01629014459458666,0.012645501174251908,-0.009457095135135206,0.0010969491862145566,0.0026092371557226842,0.05112700245252448,0.020993586920057115,0.01054282630028451,0.013832306659925053,-0.008407735565390161,-0.013324421215893953,0.021515063753105388,-0.016849186568923313,0.048816603061449616,-0.0007981083576202429,0.002265589353149489,0.014101944958382705,-0.011398450481934072
2026-03-13,-0.01737469606402939,-0.009042616358495903,0.007110941566777849,0.010045524352554458,-0.024698684613441386,-0.0350057513602037,0.021555822659651964,-0.00421327244325201,-0.005328729635536187,0.006970835213490632,0.0008463450276066185,-0.00015183146195302429,0.018986686870740527,0.01617053216149814,-0.019772779051582402,-0.015190420924396894,-0.0154213720538665,0.0220541562369301,-0.0050132723777149375,0.009560595836337336,-0.005283247145737422,0.007411282004534309,0.011534368375445213,-0.01981682120163005,-0.008785760256677322,-0.0037229462367886095,0.01969592752808253,0.008005028940252349,-0.01240683855680037,0.00036244558610631656,-0.004897613534306111,0.02698861198366579,-0.01902688859912571,0.010506140435079876,0.0035362104857750423,0.018814607923821215,0.01261115448697676,-0.01640135889248263,0.006759723564620513,-0.003226313951898468
2026-03-16,-0.0075896403113676165,0.009953685835523822,0.005722618312690746,-0.02199005947159611,-0.005518058281230777,0.030720831079195772,0.003732026336305051,0.011334080016534319,-0.018285654911630964,0.02226727195524436,-0.030175992245956906,-0.011432720683038747,-0.018494723107798403,0.002985545627350342,0.024808651992627592,0.03807337920626751,0.02296139123605582,-0.02356642688325289,0.013016593504722762,-0.013434155717172377,0.013462206661468202,0.016099219888137693,-0.01467882308360408,0.009767517049029534,-0.007470600306121359,-0.0014039134417541677,-0.016359375086854474,-0.0007459005196474456,0.01677304445639342,-0.017476852381415102,-0.017226672998842705,-0.028715902570966383,0.02727839381065237,-0.005461032187327406,0.03921001462697349,-0.038303987211704096,-0.012865765645906111,-0.0020354427539998454,-0.013531076132005876,-0.00288116175088418
2026-03-17,0.02353552494935788,-0.0037980312132721824,-0.02879637364633818,-0.010391692832864981,0.018499980940138914,0.009113118004432673,-0.005322782874129543,-0.011381664820467053,0.01689949570427237,-0.03738707216322311,-0.020545332959820854,0.0040398840771651056,0.013770193528141461,0.003716034964618614,-0.003280415327852282,-0.007973903437177974,0.0054778080243359055,0.022060465742863487,0.009113549118894797,-3.872294699917497e-05,-0.02292069367331221,0.03157233499589875,-0.029863728084337873,-0.004979008884224342,-0.012091653353205348,-0.020713789967789616,-0.03588743223156031,0.031260008705619145,0.007346049652616165,-0.027165625606174797,0.012925783773321316,0.019289690809236728,0.03438655193796645,0.0040082322609168546,0.021547141068405922,0.06420100865031522,0.017296495463178116,0.00815177277080806,0.0010107183767452943,0.01817454665678829
2026-03-18,-0.01169909571452972,-0.016694605031203985,0.0176720345232114,0.008672896394477459,0.004113778904667442,0.000878233586830205,-0.03752472627147439,-0.03867114862127504,-0.020627733152757455,-0.012276630142584318,0.01775347318381794,-0.023442703763066848,-0.00758514243417323,-0.028810696345848444,-0.01020225003733681,0.002245279738738063,-0.01988930661269991,0.009525537106351348,-0.043145284843284976,-0.008061138446509125,0.003926420082761516,0.039358841231126214,-0.005945527605953958,-0.002258382328345923,-0.001807686886783888,-0.013766812913950797,-0.006627372721617908,-0.01613781019078032,-0.016033587209198088,-0.03832226739605542,-0.024643762035832732,0.01622943850292265,0.0005971817476740134,-0.0218819679412455,0.004167153088537262,0.0011831898514854658,0.010505951408177849,-0.002833317981092677,0.026897247811671354,-0.008513425537232371
2026-03-19,-0.02933748173091002,0.015907674775472218,0.03144030655881111,0.014823006729452134,0.01109561643103255,0.04575893009992614,-0.027477346716010098,-0.017444940824249147,-0.029921525324901662,0.01999732189381417,0.06377664723771488,-0.0022128176717613177,0.0015854106702187874,-0.027183555891429456,0.009217236001721398,0.00020925731040995384,-0.018941283213606185,0.008630346211221523,-0.010880317993640434,0.029309583036394325,-0.003149322642981743,0.03318540034177782,0.023243657984803802,0.026078413435363393,0.010540454736577868,-0.010105851004737515,0.03345045650266793,-0.025506968627594342,-2.7118643832426195e-05,-0.020404767166407264,-0.03409325378491117,0.01407298157780659,0.03649521278575397,-0.011940324031116537,0.031408779538391544,-0.01856993535124345,-0.016588316145181796,0.015053274714345432,0.03998082714587776,0.04143462215286455
2026-03-20,0.006996614222102069,-0.007513548220239204,-0.011868396884040863,0.009251061331590097,-0.01296489504632943,0.02497782744883175,0.0035136189397164622,-0.026265608125007715,-0.011461988009370623,-0.007307363185525694,-0.0028998008566553527,0.021270090583459265,0.015754952034888747,0.018703505413909135,-0.012438054102246743,-0.02559423444273084,0.009289900626103121,0.02649691719081023,0.02374832296460464,0.009575557825388199,-0.0093829684855472,0.03481999220383553,-0.029664897158937793,-0.02745476767985071,-0.005315915298519819,0.008179837395838392,-0.03004002184297087,0.014384189886530532,-0.011001180246215915,-0.024529547001691625,-0.0014975812403461176,0.011100515358871752,0.04883456534995399,0.03784199662268152,0.03927219244377571,0.007825414952061937,-0.006020598937971237,-0.036319267322504276,0.007899002749298474,0.001066072219475707
2026-03-23,-0.02011628283634634,-0.021204041853680543,0.011579785447363725,0.013439262825174948,-0.013220315230001492,-0.02908962681072117,-0.011214346878153992,-0.008368564360439163,-0.009215894014871981,-0.001505396675463057,0.00980105903022393,-0.004892780079201217,0.016444695263405886,-0.0028369417577790083,-0.017231725528844954,-0.00846601737588512,-0.002673256831173469,0.01992638615785219,-0.02602442069294817,0.019690553293929186,0.007462258773287919,-0.005616449341116773,0.012252241949742409,-0.001259397800863859,0.0033722044864346514,-0.011913541347160621,0.022963965110695664,-0.006560372738662927,-0.0005007217268091901,-0.009400418776810535,-0.009086834329032074,0.002605346582993968,-0.03398512559268749,0.0013610061761852002,0.020615357578272202,0.013788913055831494,0.00637769151054506,-0.01100810217910555,0.01046132003027143,0.009482651226889202
2026-03-24,0.015620132322337396,-0.00022331024730649907,0.004746815504446795,0.028361103508917525,-0.017633260853821008,-0.039323038466463886,0.00036606187843177436,-0.011055792676486672,0.004944051339413814,-0.006115077275158969,-0.004886367967084387,0.016561481680225445,0.02056353220528205,0.029263123895649976,-0.014805219679734612,-0.029154708707487688,-0.02035778871692792,0.03792874463728166,0.0019355941042943688,0.007928074835749744,-0.003943794885737445,0.018577990414788796,0.009836933133386995,-0.011822546178732516,-0.014258952730717693,-0.001443705638001922,-0.004088842874408721,0.04726237456885949,0.0005894505574466644,-0.0008704582918198669,0.034384365878206785,0.01646020744333577,-0.004591635948330204,0.052499306693546945,0.025028117884080187,0.04859354922832019,0.00017253088553494697,-0.01748877257346689,0.007327771836749952,-0.004397860377392433
2026-03-25,0.028175855386545243,0.02084330485331097,0.0011246225700341486,0.0021393557183455505,0.006080935848013369,-0.0025213524382188598,0.029349923317868894,0.028038800671829685,0.024963407952319657,-0.010299157516769145,0.018699665462298648,0.014268857029350273,0.007844449139516319,0.010383504119310253,0.009413097153743472,0.009488175076228102,0.016774292553705314,-0.0006671727963701961,0.00514609182860468,-0.020812376886778214,0.010221157671214249,-0.02083230138705683,0.009705119672623684,0.010331999306868405,0.013630901131792219,0.01833726615928518,0.014873267823365479,-0.009768843831248037,0.0016325154571221034,0.03202229941013104,0.023210527415196407,-0.019999931454718043,-0.011985288915561387,-0.008191584460408748,-0.020075558801815344,-0.02461431842474948,-0.0023040133637416806,0.0008730816250808598,-0.009790849196382057,-0.01882778613624381
2026-03-26,-0.007572394216312796,0.005875925292877891,0.02099001310985904,-0.003353370471426021,0.014077850614077604,0.005949178744228754,-0.029994961857396828,-0.041754810964888506,0.02157256166248916,0.008896396016376132,0.041044255937955035,0.007122959457033354,-0.0174423627210615,-0.04049827013269799,-0.031926017227440845,0.009568388568248154,-0.009337565466535705,0.012962985362557765,-0.02433826601114991,-0.02268363244565917,-0.012582817443613063,-0.019950230698516896,0.026391440002045866,-0.003286844806430302,0.01814932618921168,8.73280369924935e-05,0.036203780416263466,-0.041887186563354,-0.046960203927858706,0.02294343772636824,0.0025868682093161365,0.007168379637687853,-0.02392421861174367,-0.012296484783138214,-0.034448515979824394,-0.034407865392721455,0.008304233592638072,0.006845509058491005,-0.008303044995680856,0.002421332836943192
2026-03-27,-0.02023930625136431,-0.008174044046559234,-0.006480943574979027,0.0067100172760139075,-0.015616584874007139,-0.01337187244775051,0.04082574262584361,0.013230093592480728,0.014115705434290006,-0.010971368700083431,-0.04881447421608404,0.01169023471204193,0.008962602081971412,0.05060267246073065,0.01828852427638634,-0.013288306238963259,0.0217025773569631,-0.02342526388032327,0.04051842684847357,-0.00031789440672322063,0.022878080048617626,0.0010304006757574054,-0.023527639463336223,-0.0057705605315741555,0.0027135462174132634,0.005489350044408128,-0.0422953110860739,0.04014197656008269,0.016980050553244537,0.010099437777750776,0.006293788678872666,-0.016217347994958106,-0.006411172776529739,0.04865492397885629,0.039383165334064094,0.009215457482193462,-0.02055209967295596,-0.033898841321597914,-0.017101393336496414,-0.03631325435185123
2026-03-30,-0.03734397034592077,-0.014885462186284098,0.024591348518519893,0.02352999927527678,-0.045702948798845275,-0.012212004123234579,0.01894030686561137,-0.006001759761748368,-0.044236033436506714,0.015676857582337923,0.019143003842953973,-0.0061699505450826435,-0.0024588088231694417,0.016384766464575956,-0.009830296466855829,0.011279172872619278,-0.003368191402829193,-0.014282983803405919,0.0051818775762007135,-0.01692279550003184,0.0036140039009903493,-0.017192633830323385,0.02055774695869172,-0.004433754990865805,0.007010302856658539,0.009297935969074488,0.02098146488856566,0.0007233096336473309,-0.007893641859637326,-0.004694909021043995,-0.0201256699792945,-0.018886111784094606,-0.023932163078755807,0.0021864019706170183,0.020356448354177107,-0.02911755750347632,-0.013659825796885783,-0.02093745833101881,0.0005297672935643876,-0.009915978636249332
2026-03-31,0.006954113616895511,0.012439156123783598,-0.01712476330399041,-0.04325729337440021,-0.01435046012015009,0.02945894884459662,0.004424126806069243,-0.0013846709348463368,-0.01843402627332948,-0.0031693648235500012,-0.03250070108554506,-0.01981809886234464,-0.02569090575573087,-0.023493902332943288,0.005331937977827621,0.02677349950200403,0.02223857157404726,-0.03852674140772959,0.010563485765260793,-0.03307773870935774,0.024186849715661776,0.0007980490870725752,-0.030668576031399702,-0.02268589437136106,0.015130430510529484,0.00032460295961630765,-0.032576019446476874,-0.0032939716740337556,0.0059908175211804025,0.002303347386520105,-0.028349573104917175,-0.01525790317128924,-0.001690553316988341,-0.01102851784425038,0.007968590735629309,-0.03647674477668668,-0.008462042860607713,-0.00976261594743413,-0.031626068599360506,-0.0019329520549700024
2026-04-01,-0.02123755436131087,-0.024225618601154297,0.03736532276315541,0.03313642108855747,-0.04939097145657157,-0.07288466550505637,0.0021568252205729933,-0.007378581524776665,-0.02619434006416612,0.03841017545823453,0.03012504219344601,-0.009464971605422852,-0.007141704374995329,-0.015402490254839201,-0.016706945102347895,0.017188321105964927,-0.04622182237881258,0.0004007927549499659,-0.023545458229974215,0.017323562392905296,0.007011937975132576,-0.027872453849062652,0.04487255230046498,0.01604911875368755,0.0171221407751798,0.0009629119561289576,0.04672709973382863,-0.008135424481114335,-0.0017068395675345046,0.043210045328903476,-0.0016105421749371452,-0.025942570435027807,-0.0736024292550199,-0.007989198729740354,-0.011948535246593188,-0.0188583503171584,-0.007824128151155383,-0.018734742512253065,-0.020775984499703234,-0.015009243321845646
2026-04-02,8.199638915329897e-05,0.02544007904178027,-2.9156786338537053e-05,-0.018842869099296996,0.026588576216477353,0.02520552233511127,-0.017998140829257454,0.021440562415667185,0.01972932085561454,0.016114562550065964,0.00042921344151784606,-0.008089359130481647,-0.02431922683400663,-0.014853364168743867,0.03688795462350581,0.03136404999474062,0.0223784477325277,-0.031552019357482045,0.022556876969803078,-0.006028229214771905,0.019430885085736788,-0.004334008345840607,-0.005094992904949785,0.01850914864310172,0.008808085461425974,0.0173526965469905,-0.0031140175128143498,0.010696295300261928,0.031230563856758587,0.011491415599569463,0.0024214519306069273,-0.01792314101518085,0.023767583706266082,-0.016490153148202298,0.0024955345615452155,-0.0217869278310665,0.003260674337324878,0.03609178785294338,-0.01433023034707704,0.008652414965693144
2026-04-03,-0.011562800402262494,0.010625633468968809,-0.005669485965888005,0.0006841915132485988,0.020015309718795705,-0.05638889943297397,0.014760515322858284,0.035718667519490065,0.03043228182773863,-0.0011658547356843147,0.00993131195546148,-0.01079972041816877,0.01925077343279576,-0.016960353552676694,0.00023616716667489298,-0.0036312726709387755,-0.005609239057437973,-0.009919491403450689,-0.0327940815739086,-4.295658864617979e-05,-0.010734298375080328,-0.04962553615539923,0.0396919715615501,-0.00837169379896849,0.009673829919298781,0.0021168145222228455,0.04003923149352352,0.02926036601956842,0.027458567097730063,0.04786878986500212,0.009727513987009388,-0.004395538669389003,-0.030191135225920075,0.002641177256544688,-0.060685395225146314,0.012117168638252953,0.017172209052246527,0.054890272438098194,-0.01901359073479493,-0.00737625462196733
2026-04-06,0.009654651482033389,-0.01814616266003388,-0.014368114175317725,0.020749041740231174,-0.00977560810990584,0.015287522084258038,-0.006118090593555983,-0.0017761608025263428,0.0012749543436569504,0.01589837586467063,0.01755117010725506,0.005719346565557734,-0.010452343747602115,0.01989486115945524,-0.0012084618424191128,-0.015031953212389013,0.013104537117361377,-0.004814703146208657,0.008972174447992042,-0.013558095550195806,-0.0077803991532919715,-0.010952543518556682,-0.004847047866048956,-0.01971553829490188,-0.004874265905568544,0.0009364683329485587,0.01627198770063214,-0.015263165150805003,-0.0037438726922974057,-0.0028386672250111824,-0.0021409086665931647,0.018004153989546225,-0.004672558854581522,0.008040920496916728,0.020413883602814226,-0.03358006875742693,0.0002606118159468379,-0.01617579396411457,-0.0010420797418411714,-0.0032360631378012955
2026-04-07,0.013288149392989716,0.027394786250078223,-0.008420720416543343,-0.004890647207689971,0.02901049339327269,0.05363656179827496,-0.01958640297623208,0.007932827489921798,-0.008666181964026597,0.015290297809752895,-0.0035281164120391038,-0.01634158649101363,-0.04599666207739844,-0.04235442874765358,0.012870302718944808,0.018820381821624182,0.027598022065095686,-0.015212156827571209,-0.012277721363143233,-0.012637667431824203,0.004662336299886379,0.0048483765734906765,-0.01462078202036345,0.02619199030967001,0.008914295527924472,0.015746683531347876,0.008442055135071028,-0.05335717779298225,-0.000392081459800752,-0.013793872512304206,-0.018017176029488744,-0.014378787118828737,0.040964419123932956,-0.04453258069000243,-0.01823307895395344,-0.05849606717469584,-0.005205036756135816,0.04086402866026055,0.017066772945849053,0.012099491468214912
2026-04-08,0.05120145369281712,0.027397990790530558,-0.04366168505818891,-0.04021752730908333,0.05211040757506137,0.04293685853821134,0.01787821644447105,-0.005251021832237818,0.05706378183087766,-0.05315753345108479,-0.01769391042011136,0.021499536750170252,0.009904686823839512,0.022901102623620502,0.011506891600458067,-0.012814642219691067,0.039230290267974546,0.022506578518793917,0.009636959862490095,-0.046109463448624634,0.004036013254307162,-0.0011938286004203322,-0.035285464937027514,-0.011339199386346324,-0.006531227220008873,0.023365625277282892,-0.04389945383487195,0.04535008216944503,0.009963495115778718,-0.011483227619088605,0.030687920725210507,0.02776042937623615,0.0342350081652873,0.0161299070630795,-0.02242043877644261,0.028072273660068394,-0.0015663188599934902,0.005362780670041886,0.009388071987648901,0.017101182369076606
2026-04-09,-0.010093756640098213,-0.015168816461445685,0.005526725778248506,0.006291054364599346,-0.018172446958024415,-0.030727850722900775,0.00904333361197739,0.022240133602240135,-0.0091791568862151,0.004397005538070309,-0.03246918113304494,-0.01844434700549202,-0.01400112997950247,0.011371869035896208,-0.0040422124208675456,-0.0025387830723150656,0.008502802480725418,-0.01877720635789475,0.00877723571338861,0.004043225412396422,-0.0023899878080517398,0.025795626927862008,-0.000384401997068381,0.012144580900741156,-0.009678512517829438,-0.007858025055873645,-0.011077793202788766,0.02089220444186521,0.03931878885388808,0.008304163763384475,-0.025757692139099973,-0.04303003662572823,-0.02311035173572369,0.02275731267185472,0.008659045542178239,-0.007930406237451929,-0.003346296144350569,0.008838357569064112,0.00404150020458278,-0.008097779843976591
2026-04-10,0.010646546913781925,-0.027575449229237315,-0.011481006310035007,-0.0024747428759637363,-0.016128516398684158,-0.05240703292654471,0.01657945628369,0.019531812556887247,0.016418154381624958,-0.008809152627892513,-0.03153071817452752,0.007695921919303352,0.04025530106589159,0.02517356771333966,-0.010995577573828436,-0.0109871858835256,-0.008591462328349867,0.03938918608895038,0.0008511135019712499,-0.014074715458409506,0.0029435124517263964,-0.039320798024047,-0.0032323093920832166,-0.01753196268787616,0.013366239494720801,-0.0218917531212814,-0.015805073046307898,0.04226446115076528,0.00271240533427062,0.02520313465629634,0.05388143200713723,0.02022155443428577,-0.06327160242628804,0.012959195188015867,-0.03270811996649355,0.04810008514767143,0.01961680442914085,-0.0034606762627950403,-0.020671947355894678,-0.0020161680243347413
2026-04-13,-0.0008871923667854286,-0.007629123390545078,0.00513875195717886,0.006899486433253834,-0.018889747065359713,-0.024598425348728917,0.04185789976986478,0.024703743978372748,0.010575677336716929,0.008317702553788203,-0.025827896793935018,-0.005877974673362949,-0.003960422002635602,0.05211785735727418,-0.008769626838160426,-0.005102179710590476,0.012432709790359478,-0.020384262418828042,0.026093238640466664,-0.0003587884334929625,0.012412788856067173,-0.004741257228459073,-0.01842337703630637,-0.014598060885191205,-0.010739725029779656,0.0003707355149333625,-0.006042291720005706,0.03811527712431423,0.02920274145898355,0.007915387755519771,-0.0077786476330127825,-0.03037981789361488,-0.029807381253325896,0.033553429263461665,0.024106325164543467,0.027785858151354023,-0.023037682513513305,-0.022914438217318686,-0.024467125635673943,-0.02463541939724433
2026-04-14,-0.016521934568302636,-0.0029295956582992898,0.02118792051861731,0.036022401213261446,-0.021086605138391355,-0.018171228740019016,0.011889412591387701,-0.0011318916498486839,-0.01583875301477238,0.026581541155605997,0.009857005673885897,-0.004255851734837934,-0.007177345607002192,0.004414922980626605,0.015306388951819589,0.008590910168217185,-0.019313042242944813,-0.008515397923086249,-0.006024295184891703,0.012629106220072591,-0.01964709640409474,0.010057478305965411,0.020342148552643158,0.020571367376844733,-0.010914304408197836,-0.008795205672019083,0.0355378087825399,-0.02465846701623332,0.010277582779948054,0.008896123611205311,-0.014628443426990398,-0.013435366604762147,-0.0045992309599828685,0.0013478816536142291,0.006507274383186527,-0.023421116656442274,-0.0027814818808361286,-0.009460491395878436,0.011123105234579714,-0.004845339245159077
2026-04-15,0.022681812944186017,0.006778051097222961,-0.02964459633606889,-0.01710464439011303,0.048216234676814684,-0.013112943547190819,0.016910006391795837,0.025709068187233987,0.056790273086262506,-0.021062225933220824,-0.01462189370355946,0.0164966266147802,-0.001885127460526935,-0.00030377454252351725,0.0043634578356493,0.006310780085107933,0.018042385920999986,-0.0017176724741638765,0.005914494354100688,-0.03263661026525762,0.010597042028278386,-0.038869048342314756,0.018493493057353518,-0.009077798565904436,0.016295412783687725,0.039034868236436183,0.004558986168634853,0.023187260834442575,0.011220710674374166,0.02354327798650397,0.03415512322638467,0.008938130478419182,0.009099002665739014,-0.020331045176165533,-0.05001510001095761,0.0019667277104006035,0.011516208540885958,0.05044832828252065,-0.01763980871734352,0.007630974626585043
2026-04-16,0.023626045541580317,0.008605470827779745,0.009223320879020691,-0.04730760372550095,-0.0032488738256176526,-0.016280443746954903,0.02718884780309324,0.03665055362030971,-0.0005277048278911779,0.00031011620231685775,-0.061328722509357086,-0.014911374626386547,0.003719570850329729,0.0026136104681503776,0.005798932936472195,-0.0038138634795076027,0.005635180567645075,-0.0430213368494557,-0.004596509603091939,-0.019326680007675075,0.025582138796680115,0.004563344397309651,-0.02863562039331019,0.005121551357786438,-0.006291553338804714,-0.008184287167789525,-0.011348919220777392,0.031101516826723234,0.031202882238733867,0.006061055002475937,0.004419116335325159,-0.053670178003254146,-0.01937030143175459,0.0003016827824444512,-0.022827144727127317,0.017208080047244424,0.012411432628528389,0.0029497226193003316,0.0024117233940099403,-0.0230968452663053
2026-04-17,0.02922914199014227,-0.0014946595524214313,-0.020832642875151887,-5.8724583630981667e-05,0.017647774486531712,0.009177584520818845,-0.002131041349334382,-0.011366632232293675,0.023294012146413794,-0.028256171165862102,-0.0001059322758019763,0.013295219512120683,0.004118157291618865,0.01965998049162105,-0.009418828816726232,0.011057564254933507,-0.012899650008364663,0.023539421912574843,0.015500989555487376,-0.007504297829565756,-0.00041162875935214695,-0.006659881131198544,0.0011294340873173048,-0.019619731619595883,0.0009829704830749799,-0.00034987527316177394,0.0031826728388262967,0.008953274598800872,-0.01233312985902768,0.0010007556861346767,0.02692763118965424,0.03139136624522308,0.04422325996521453,0.031091212290258817,-0.012465173182575347,0.02317955810368106,0.011515259698639878,-0.008124043160219354,-0.01768302392810386,0.0007167825843713983
2026-04-20,0.007267242060179481,0.008656931655498057,-0.008299943301176303,-0.0031602013577085118,0.035976528868945985,0.11912542454161024,-0.03525059248960165,-0.0036829817380891507,-0.02995283957221414,-0.012484750245843761,0.029643736212412123,-0.011033613562782162,-0.04865590432180435,-0.04229588038196895,0.02360579078895867,0.030163356719689942,0.04126158695638335,-0.04298461935851618,0.02062306595544834,-0.03091428886275885,-0.0007605663322186084,-0.003372851377095117,-0.007145289632764682,0.003605142032604666,-0.013763399964953602,0.02758514097811068,-0.004601918909450569,-0.05408503468795581,-0.018968036293701026,-0.019510956538432263,-0.02675550071903006,-0.008707306431883674,0.07062276754576248,-0.055160615952928684,0.021884729200980623,-0.09998322746179272,-0.02710690140444812,0.0014279760083445777,0.005775171940605071,0.026467285528777033
2026-04-21,-0.007015592952973139,-0.012231246499327173,0.015579849920159847,0.02595538964660576,-0.01734571691949008,0.026836761380600604,-0.00010886630529748315,-0.0277282447618101,-0.00989188400117642,0.011826228699534109,0.038852331657765304,0.002375244055965815,-0.02046681495618176,-0.006087509216444752,-0.008430782877811113,-0.002811743457943756,-0.005321285179000227,0.0014994277187151466,0.007819350933383448,-0.0009885116295321548,-0.006213821521111579,0.01679604419761776,0.004351982485311885,0.012933605223684598,-0.013929062154819477,-0.004912488841833835,0.025895057212008243,-0.014670604027806535,-0.003933129359147981,0.008797415256980513,-2.474511621069174e-05,-0.022398296139355775,0.008902024818439935,-0.011669820665192374,0.008595876089647283,-0.03097392497898023,-0.010522176753240572,-0.0005318272286220062,-0.009616104462405552,0.004255747581505624
2026-04-22,0.01206088590097428,0.020280879440450043,-0.0032201392553654435,-0.03806235514518812,0.016320833399875487,-0.004923726908543932,0.016813232893915637,0.04816922565113756,0.01846960106292646,-0.016621489882316508,-0.0515102740452022,-1.3190833736720017e-05,-0.018383392553162924,0.03309444588525497,0.03789502908235111,0.010117827875688212,0.020809618505672433,-0.04529801575157063,0.01866090979234262,-0.01121843509851434,0.009046199429095623,-0.0041172381405202,-0.023543204468662444,0.005677576010493601,-0.00757228626878298,0.042593082789997475,-0.031130001925912164,0.020531035169869163,0.02957927007836738,0.031650979830366605,0.015936933953026065,-0.03145715625257385,0.02501349486085793,0.022520919351946476,-0.009211971952800454,0.0034592315156606983,-0.0004881576952170785,0.02674585052049069,-0.010464182007936303,-0.005925101957460553
2026-04-23,-0.024040578584441093,0.011308153235419005,0.010707589623609886,0.031812729792293604,-0.005047490704349005,0.030153792741153606,-0.023659924268807128,-0.027638795525467913,-0.03369179023513599,0.017649210136956507,0.033890894790842306,-0.005952537532011836,-0.003008502697588804,-0.023776533373491584,0.010699905542668984,-0.019612051855874023,0.0016773244319777635,0.004957020446251192,-0.009706820346006362,0.045791152220389264,-0.01518203376921222,0.02508027406989278,0.0049394541859333705,-0.0001541662571785292,0.004541221512451032,-0.020446900538997084,0.01883006126338932,-0.04835254326890262,-0.038851370419786355,-0.037018120614480746,-0.038571139258703334,0.026834480553705208,0.004694735365744933,-0.026560626359249086,0.037103458547784476,-0.02086378414953066,-0.02224080628883708,0.0006097818312898323,0.017430980532728332,0.008080283090114474
2026-04-24,-0.004778665683883401,0.008673458858226207,0.007219335625836771,0.0012465687215589723,-0.0014891214904546282,-0.027839007309320873,0.01351725711382846,-0.0013252129402604815,0.026632784064471112,-0.009045800819070913,0.00486354881025164,-0.005825298420959279,0.001674309742090315,-0.00017013863805630507,-0.007961788341498483,-0.010619715452653684,-0.021751985586424064,0.018110855596509462,-0.01101425759696315,0.005011123455679091,-0.007544007599566072,0.011570777026776955,0.013452110270969386,0.004266614327242859,-0.008296277770834524,-0.012790640761079757,-0.001650236363804727,0.028874164773052734,0.012363805679196135,0.0013219286884804202,0.0045821498697215775,-0.003865449436566969,-0.022406501646107344,0.012272258188507273,-0.014228608940878492,0.04105827524611967,0.015733568393273584,0.019394078851285468,0.014142506227079604,-0.0013023070484675684
2026-04-27,0.05931194628531333,0.006648148432974812,-0.014677175217062504,-0.057446033676117836,0.030649053926257937,-0.02750068570128891,0.043934144225815965,0.03930789134343783,0.07546014033327042,-0.03949185030152517,-0.10202651854442003,0.006620659044021142,-0.0050631068338968365,0.04155252263035929,0.002958904132732332,0.002019122950172667,0.038870082143522305,-0.013762116674008926,0.01756000705911783,-0.0541355192548306,0.00927215363814545,-0.015348200931925678,-0.037977315208546025,-0.025997783805734483,-0.010994616836731474,0.016011220119776626,-0.06006790744695738,0.06993198223926748,0.04109616823832161,0.01471855111081286,0.025171104272778327,0.002147516282334206,-0.020226675663276485,0.037515312826296325,-0.040585182832566166,0.03130776713344803,0.015528760361479928,0.0025830249088943606,-0.03750952225444887,-0.01799938718358403
2026-04-28,0.023942228823198977,0.004524575171993943,-0.017785916336782105,-0.018406323715539567,0.006194234848495449,-0.03212045711016438,0.01047704962591944,-0.008897839396686164,0.0244674213948268,-0.014033937454468936,0.0030240267147246644,0.0025885988159661984,0.027919128676963015,-0.0030663387274887247,-0.025349423172835832,0.0032031991060964323,-0.011782141255187173,0.025398278009277898,-0.03727530797738291,0.0027822625464618933,-0.012368167502550289,-0.008683754438203831,-0.00037289513701985015,-0.013324043478239341,0.0004243924246395453,-0.0012295647392741513,0.004898706624223228,0.007250606665112711,-0.0011030050444185155,-0.0030587228960420577,0.012652151345110182,0.022811205575982978,-0.0279738602727556,-0.0009896336850251791,-0.03731712845043657,0.02252140075168816,-0.0029927341214985113,0.00564305496051045,0.015874988550433924,0.0010009439308753417
2026-04-29,0.023784900390780503,0.004214301721684851,-0.009027361014915806,-0.009087707005353121,-0.012120864860671139,-0.031742682234706436,0.00907885866965772,-0.006200387878497958,0.04204146685971271,-0.005816216532038999,-0.030266676457547666,0.010593201624674125,0.015968529381760424,0.032575544023272576,-0.01477504686165623,0.009563635994236711,-0.006384198478997356,0.01719507410468301,0.013275036654554966,-0.024031817378040724,-0.004802453465077584,-0.029858362238130237,-0.022364999243260845,-0.024870361038203687,-0.0035164430407320342,0.020061755966195603,-0.011437944042696078,0.012120685564690191,-0.0065604365221654335,-0.008281312488534517,0.017796019268800208,0.021241271179386165,-0.03021303804990247,0.03945455092133692,-0.03357571315994633,0.029143420741923793,0.006449853449767692,-0.0034668096114842508,-0.015579044045310325,-0.012957510016293224
2026-04-30,0.02235458486966055,-0.0035662012501144007,0.012231942348247093,-0.03754774768258812,-0.0011297856251397,-0.0048199309547541785,-0.027208982756142558,0.009223815789583669,0.00974340404213139,0.005349135037110061,-0.02247222173785422,-0.013873703523617824,0.004563018641449995,-0.027799211155209363,-0.011445684882265158,0.013264658092094372,0.0001832196667167655,-0.008611766067538055,-0.024583863596556437,-0.008918365435868436,-0.005425682008695097,-0.03646629687648432,-0.020591855223269926,-0.00783513234446684,0.013165329855636464,0.0002615053888850461,-0.007404189941133094,0.004526812979622778,0.0038025813995231075,0.017517554566976082,0.009790012384838998,0.010754501816400256,-0.023683935073519177,-0.042431054813444495,-0.02980782644610682,-0.0011163728628035509,0.02351737155239396,0.022734769304253877,-0.0014674053429409896,0.0011937324360373897
2026-05-01,-0.007150533554472621,-0.027018390707833052,0.015038321872193993,0.0018613369666498772,-0.01805654612664825,-0.0009062616586357805,0.014033106219495186,-0.016426094330170015,0.01770230912317758,-0.020872060641378337,0.01864600571670681,0.009706808893291246,0.005215468709038074,-0.0045097658857734865,-0.0031756509231193834,0.016711639454590116,-0.004730428287893032,-0.013316614193860528,-0.003250763862593611,-0.03385528334904043,-0.002793353792570734,-0.04721568636329951,0.02980092072344579,-0.011565179634445798,0.00663893034394397,0.00544279021782676,0.0348442263749111,-0.03347489837358742,-0.028228420311148007,0.012728128522657539,0.014781985068567753,-0.030788462858964624,-0.029228287496841455,0.0030408702117635297,-0.006613689260375604,-0.0415585489123994,0.008569922001195787,0.011757861600523282,-0.04719822353883153,-0.023586649471078445
2026-05-04,0.04921066186262728,0.024032080040075274,-0.010975776868226293,-0.04540855924684967,0.050093260680619554,0.02805562545873042,0.010573055078047906,0.02943382052568088,0.05059887581102743,-0.032504675959067544,-0.03668141733012519,0.019933605008257412,-0.010324109219447637,0.0017044234760346978,0.014415299781657988,0.02224014637360075,0.06828549172728725,-0.014532937001017251,0.021186104538709383,-0.04057109567273463,0.017361809527178123,-0.03958256893054178,-0.015549836559725645,-0.004949823095351253,-0.00420857230783103,0.03265435491744693,-0.020440434375896183,0.017759453751322363,0.010293913896020426,0.024520371648445758,0.008493334178617012,-0.014142749189978748,0.044256772335727446,0.006721552365379399,-0.020585346043452996,-5.2558211019915375e-05,0.025777511159880872,0.02360009325897335,-0.02484682038244314,0.0037733885257398197
2026-05-05,0.017577462644708844,-0.00430205021612487,0.016383532232822136,-0.01458263666579358,0.013146823578372331,-0.035124768627323555,0.013805399933707965,0.020346748543326083,0.03379619201641666,-0.004923370289235108,-0.016547108259826325,-0.0009237449256735671,0.010006743333654335,-0.00408169011559,-0.0034137628482157935,-0.011218604079466343,-0.010767144171207702,0.010195243927032754,-0.0014953913199587717,-0.030197447417161107,-0.0031364982849121535,-0.028373152192929133,0.011550962385479853,0.0035068833935267534,0.0011898751249868776,-0.014664484100327491,0.012550239427947339,0.011971728697597512,-0.0061917023354813305,0.02839944429779841,0.03429130467764909,-0.015010297663325527,-0.014237789045968351,-0.004485986813946423,-0.03878753444630824,0.007526494276802907,0.014393883883843543,0.010523492399476787,-0.03292971782746087,0.019724646885093844
2026-05-06,0.014166179417896906,-0.03077316855665741,-0.018275132646807052,0.02512505833320277,0.005761957638224865,0.014446602338482998,-0.007168453466223504,-0.05687433957619796,0.003828018467286985,-0.03582257907964574,-0.006170357702405444,0.020743287404175286,0.019934208780738417,0.028116606036483482,-0.017242615984771795,-0.024373523735029136,0.02091498522837064,0.03313404696703336,0.03749888904577456,-0.010561781394828605,0.006301377509996997,0.04778285435612503,-0.030269956410084845,-0.021116728926911726,-0.047183174249788296,-0.0030797145812991094,-0.031123700814609426,0.023645734425052446,-0.03806480731132447,-0.05107151170491119,-0.01667170184465408,0.04779693960852669,0.014385772992149354,0.05383531594538786,0.05568291911510859,0.03126236016412947,-0.003071242431706804,-0.04542650105386918,0.0058040060531962265,-0.02200987053510395
2026-05-07,0.016756163941188982,-0.01976931613140779,-0.028465676613010808,-0.005330290870538342,0.021109717964727714,0.011135492560685653,-0.017303325762199756,-0.0056339314098758815,0.025018415689571295,-0.009176227621265756,0.019129299728148856,0.016742743639997545,0.01140153076500135,-0.0103905044181451,-0.013917464052251943,-0.015630174099204776,-0.014937110570380352,0.020716892365345498,-0.01140842247979855,-0.01763106073317295,-0.012864907650780055,-0.010408397397957379,-0.003662444735068677,-0.011749536408063026,-0.007544434246511373,0.011587962838241836,-0.009484550974353793,-0.011669010181192381,-0.033481046542138286,-0.00481062774300142,0.03088963943043794,0.021044324685120536,-0.017768903516768377,-0.02150009220953911,-0.038918162971319774,-0.011033029517593294,0.013185147082327918,0.011763109373360964,-0.0033098452952109196,0.011088457726024892
2026-05-08,0.006082094716386745,0.006147673277040189,-0.00546414419776875,-0.04249827005217782,-0.004467238271428123,0.0024382236885901612,-0.005943017520918217,0.011963737601578489,0.03060691380417443,-0.013601041571901068,-0.0304200740072392,-0.031558983938768416,-0.02353001518954549,-0.03423699594927274,0.015065207455080639,0.024044627832090975,0.009304573452212578,-0.041401640482999734,-0.027809453838947756,-0.04186933061976162,0.005525896117066577,-0.037758944407099065,-0.003997094021895224,-0.003496682443406728,0.007414772117067979,-0.016637139333400573,-0.0001602292487181663,-0.029533354230008694,0.009576932366918872,0.02886770520130414,-0.011664825566480094,-0.03810298795657371,-0.015341493047185545,-0.037893550181899,-0.03526021468812959,-0.050733512566367954,0.009368789244550231,0.020897385338620504,-0.03284545668480192,-0.024494945318201615
2026-05-11,0.040790248700044496,-0.023823006388388558,-0.022365877820124475,-0.0349340091475947,-0.00021586723134772723,0.004794820033188632,0.0064434018111009204,-0.009903655195901032,0.047917499326807056,-0.04931074405152816,-0.017497757163655744,0.015817696812673306,-0.004675810012011639,-0.003877069059379885,-0.027043846347600754,0.010199573323227778,0.015485864861644875,0.018660784508103434,-0.010849111974309272,-0.07361685981545597,-0.019764709357611248,-0.06403754406497067,-0.0076231119892076985,-0.020952832383403442,0.0015618987732939672,0.010093271204146263,-0.027412391836523144,0.0022002418904603915,-0.03459640740353699,0.002549282399022408,0.046266178211849106,0.0029556034263469727,-0.025179980691474334,-0.00250266126578261,-0.03847175115461712,-0.008553691884736245,0.016756172111498116,-0.00038449545271031487,-0.030231212984990933,-0.023008135218114324
2026-05-12,-0.005467211570117139,0.031508192374341076,-0.004294343283999622,0.0021874893182514434,0.00917546458216178,0.04916779335138454,0.0073747699192119025,0.006617109096613714,-0.03137748509032395,0.007938996006613458,0.019539573874724728,-0.005452980582199625,-0.02071847874517041,0.003969827419878586,0.022497583399003467,0.00841772011422823,0.018274393834436842,-0.014280549152068752,0.01664786077741416,0.002580754932732696,0.011427542228956327,0.030903183168650507,0.007972463291228207,0.03711819972418989,0.008238842808751283,-0.0003842274173479973,0.00328223190257646,0.007289543920628824,0.01786760422516597,-0.015535295160251648,-0.0036624159235891466,-0.00871968748296033,0.0476393232474857,-0.00900517067870797,0.04345993901093675,-0.01684209610555859,-0.012066770241301407,0.0017955769595586666,0.02189821566991016,0.016218482542509866
2026-05-13,0.011235893755404184,-0.021796911371789445,-0.02272291282289391,0.0002403823419262069,-0.01988938866161502,-0.021190335277123037,-0.02580740642731065,-0.01780916188122784,-0.012271754388687564,-0.0300159833395218,-0.013148037973963193,0.0040665854647286,0.011616489875193394,-0.0002820050476818267,-0.015498898270038315,-0.010318255134478576,0.0064275815342500105,-0.0015859280078638904,0.0028553305803994417,0.004609037338733704,0.012583409980198506,-0.007840354011744434,-0.03236962652542663,-0.018641752945617658,-0.007916148092148202,-0.011098879494055323,-0.013602972427943063,0.0044675728244374805,-0.018259396816585213,-0.020692906414980148,-0.008563659205746251,0.01669770819715758,0.0030226860397429434,0.020042663207475327,0.018597326558049083,0.01858694092567098,-0.016017617296649352,-0.023028319908908062,-0.010061210525544298,-0.013533130786523082
2026-05-14,-0.007897952856283164,0.007964159682733453,-0.0040044527180329555,-0.025921696197156306,0.013574716305993675,-0.0149543258996247,-0.003541317613498857,0.023158511141064608,0.004576912826356189,0.01189832823525943,-0.012317096348476286,-0.008185304748043378,0.0044174611943710385,-0.012159777834546207,-0.003574261355069823,0.006112543554909439,0.006079490371823211,-0.022792602143693982,-0.0018290197395526876,-0.004829791805164886,0.004438433647858869,0.00034455456807774495,-0.003012447624085494,0.008595988848641661,0.013318613120901218,-0.019920129898276337,-0.002911841605151507,0.006306280170732996,0.010522989706874139,0.02337608115296562,-0.022887203143540306,-0.031588706763600496,-0.001902540034285402,-0.009999290425810561,-0.017081596951141417,-0.008588327276953463,0.008367828043969123,0.006516774920838558,-0.01240170474882075,0.002950603852170638
2026-05-15,-0.007344090613488681,-0.02840383372748559,0.0038444091404956434,0.01085944764345557,-0.02699342587924915,0.016560123613024672,-0.020991405042848573,-0.014594791904756044,-0.04681595757760164,0.008902646711929052,-0.006916242240139552,-0.01780640261755043,0.0003212488548563941,-0.003176589325491687,-0.005424956186805245,-0.002851243748585454,0.018104468176007173,-0.005936796152506352,-0.012770266681260582,0.0020413784315289757,-0.0031410154712987314,0.009349129142767164,-0.011151934964610838,0.006019683365782959,0.005636240485287855,-0.013324597313817176,0.009900981747514038,-0.02542550475992598,-0.031073343933574263,-0.021043761677942516,-0.04797586901185595,-0.005301528221779501,0.01192290208483255,-0.001234439748934914,0.04047682107955429,-0.028493246071083306,-0.014118538843236062,-0.02378660305378584,0.007458875032606185,-0.019248881627992605
2026-05-18,-0.051410067992021885,-0.014561198996626938,0.02666206271210701,0.0507037641135224,-0.0326602880761275,-0.03775467876418963,-0.007626735380647995,-0.028144617503192366,-0.03419341100970966,0.016003080784838364,0.045721192927669865,-0.007444779425617533,0.03140289825414592,-0.004884694433674547,-0.006052962090222,-0.013009282281339804,-0.05168925243736805,0.010485232198619208,-0.036402888071001796,0.07026099190820087,0.0002161294339946395,0.04363557290047393,0.033574501745465425,0.006604069289859857,0.002369488309383625,-0.004903079554363254,0.03998851184775835,-0.023475734506833643,-0.023733363443452307,0.0001630316786662301,-0.02092066569806143,-0.00897446982116389,-0.018016967249787262,-0.016230220668839727,0.025194550527558566,0.011877532459060659,-0.010645264637238569,-0.0016897224060471146,0.043962577645454505,0.023035994302102833
2026-05-19,0.00029698081795126886,0.017848948647158844,-0.01848689395170385,0.010839643501160953,0.007882293202095155,0.009763543611282989,-0.03728376821872076,-0.03571250453608961,-0.01185625208266295,-0.007944371983627128,0.0237720974817409,0.010078979130849854,0.022854940353353736,0.011927506975699942,-0.03302707474931271,-0.01966694958197143,-0.011002367556389368,0.03831922307526352,-0.011772180825179529,0.011139200594558623,-0.023053526929703562,0.040127492133909294,0.005694631869693746,-0.01894678238222231,-0.006989949549895675,-0.009714203681795125,0.009838094426809801,-0.02449018000197256,-0.039803988891487355,-0.03280492247029814,0.022033090285429144,0.05124909243557589,0.031050642912247357,0.008012857024848288,0.0023377322921595504,0.03419375536941561,-0.002936217454999666,-0.022254293989827548,0.0209220563653517,2.2001244876831277e-05
2026-05-20,-0.010453054417487785,0.023658325248747832,0.015139690120623175,0.01255261617742627,0.007559558208206375,0.05704371248296497,0.011942060874275403,0.01618764171682095,-0.01788068611750441,0.0163668353877879,0.03182654673522735,0.0026100976642250504,-0.03930781644974528,-0.007725219502974109,0.04574943847248765,0.038970567867717076,0.029442143324393214,-0.05771505615374713,0.03767077444648843,0.006295740640146315,0.022615154354073075,0.010259709496276163,0.015343104623257985,0.013357093379919478,-0.00705808565480934,0.024151500490493652,0.003551101676771737,-0.023634340754919606,0.005774788562028333,0.011385648436014533,-0.019496087890398733,-0.039741377262876,0.03178138730446488,-0.010131853739883937,0.02597632944389404,-0.07357221176327222,-0.024940830298809245,0.01505422589826862,-0.02086306614109582,0.00683545093978967
2026-05-21,-0.016693880092175074,-0.007207259779932573,-0.002913525349650536,-0.002114581350996127,-0.03498681602573567,0.05830746385601528,0.005705562394744321,-0.029055280545559538,-0.03522653576827133,0.02796783232872408,-0.010080372878357413,-0.010364504137085773,-0.03512423156990578,-0.011746293908056918,0.0236904131305275,0.01893481031563727,0.02117626859965057,-0.054831626065518405,0.02172633158364959,-0.015048319724588954,0.013105444702331517,-0.007499360562677291,-0.012223512532230477,-0.0188659440692654,0.004795875323351038,0.0013133973852116013,-0.017539368711483462,-0.035875789366607014,-0.02376534362113337,-0.007375735536684777,-0.016729541944313434,-0.03262780018222143,0.005690911702164894,-0.025943046742775942,0.02329202904064294,-0.08491373762165338,-0.01703899666745534,-0.026978963392731304,-0.02640366684139604,-0.019651432236485755
2026-05-22,-0.009747469360082674,0.012057023585092572,-0.0018947485226128015,0.006773449198544574,0.04137951573101798,-0.02012258223553294,-0.013861432372947027,-0.014906390183616315,0.041813813786424577,-0.01085676684680741,0.017793642059400976,-0.007764080405087498,0.014779399111039569,-0.021368060488138226,-0.015819319959975407,0.013206102984246433,0.0011388220072517784,0.027922765279171785,-0.03756924147875232,-0.017581918391555675,-0.01183120746497841,-0.022199079110699276,0.032100110666125566,-0.003015087905141053,0.013746300804947976,0.0059914276678164746,0.02836296368309696,-0.0035903904514530214,-0.03358761977246145,0.01813984818017953,0.03400950945545019,0.003198639203464051,-0.009695866049686142,-0.04323425927166713,-0.06672593942564797,0.026676971686494792,0.03267339209024673,0.04045408120223648,0.0021651711920788064,0.015436358099913089
2026-05-25,0.028364440004421447,-0.025713123164972575,-0.024080263450905068,-0.006839871372480051,-0.019767508081521112,-0.008570722218088534,-0.0244131886240922,-0.02635905382905169,-0.013383955438894974,-0.006440428193567279,-0.010563820648497185,0.0003803598148794879,0.026194685056493132,0.018715440828736232,-0.03610144210964856,-0.03387804203548709,0.011607495480513794,0.03451008303527805,0.01644777715040649,0.014115992959475118,-0.010599990136982488,-0.025225619303417858,-0.02132876293140035,-0.036320387042616115,-0.021319814334645693,-0.020948595961912692,-0.04080351151856149,0.027927616850047392,-0.021986621996282332,-0.02258827542948535,0.0012529080544415854,0.027838352547210142,-0.007929938314439715,0.03772721129253272,0.03668277142896514,0.039677268659433725,-0.005380055100665079,-0.041935117690165113,-0.0015471910600395869,-0.027356102770088202
2026-05-26,-0.01337588784499806,0.0182238112597845,0.0010333218043642894,0.008912714206052887,0.02709416369306336,0.040084012949181486,0.0008660713410956894,0.010689821693520493,-0.003816952157573052,0.004327728227184985,0.0041117610125352535,-0.007223537490362613,-0.027166511363651703,-0.0022988080846039157,0.031873750272638,0.018173894359288744,0.03243442373001766,-0.046757469197479175,0.019653382956585117,0.01655322945866758,0.013957389538964747,0.033028170168961896,0.0015258083145963663,0.023149429446502234,-0.007591666851036555,0.026295236530176347,0.015785770932526276,-0.0020544669808730143,0.005585339732877413,0.014530466052721236,-0.01603091310400091,-0.028899730322321453,0.04750379021634459,0.004661912289328515,0.031653397718907975,-0.0391677405279286,-0.008464047890821811,0.011748021103074473,0.006838685650766764,0.011878900598156088
2026-05-27,0.003026371675258548,0.004589406192682929,-0.015894352966116295,-0.0008669521537925245,0.029068416802662332,0.0323136767126047,-0.046510490571752994,-0.028918964260191055,-0.0028118966059100144,-0.014097399346171394,0.026009742034801206,0.00617795651663321,0.003951311126634,-0.0504228660424954,-0.02595895023055919,-0.009093300792760266,-0.008323342622323359,0.014805316180261836,-0.03490806272237504,-0.032897513259606576,-0.018805851430190087,0.005170354560211323,0.021266052869902248,-0.014018292338236708,0.0021489398025997955,-0.013992717768548971,0.0166199874476912,-0.044313447807882315,-0.011034897840728626,-0.013324517931509195,0.0055946986907575436,0.03349731154450311,0.007388385006912981,-0.04091583517871582,-0.03681906349326868,-0.017661097878082822,0.007832735004890398,0.038214511352121366,0.014633792810303817,0.023065790947557056
2026-05-28,-0.019587391008866317,0.01396598618260268,0.004723994033112517,-0.021990418158574256,-0.026185825589135795,-0.009558362967879864,0.03596230346243162,0.02675275626321837,-0.009171749237737538,-0.005523756248813006,-0.02124979369849221,-0.013748731850369105,-0.00426795553995086,0.004037176293784013,0.013558594106381085,0.020720387583690235,-0.015269243048235653,-0.03219524947403505,-0.009981149986581209,0.0033639819067839945,0.015571763591580755,-0.022289483949148158,0.017655215463384433,-0.006181998602561224,0.0007549395104842534,-0.004942116189503537,-0.0004543106324294277,-0.004182894575163964,0.01883355431690697,0.04581509371829041,-0.010301409689564797,-0.02495710118953528,-0.03180066954158065,-0.015400732183995621,-0.015210941060409886,-0.018977930876035467,0.008856195009537849,0.008866892281496348,-0.030602949655021736,-0.031164927663672983
2026-05-29,-0.00832189133281147,-0.01670009685698276,0.02205707750660913,0.008587456333205337,-0.018802286954302586,-0.001970302822583963,0.018958774844001047,0.00431638265180871,-0.02730483235536628,-0.000654250638257063,-0.01063310047490773,0.00184502544405104,-0.0002293291446437886,0.0207081644759951,0.01760513216901827,0.009795685089813846,-0.0021552128054732923,-0.03602609948561808,0.010826479450695654,0.007801457641079929,0.006518608440367305,0.008469562183326949,-0.012566709091713655,0.014640989898253624,0.008219250809924451,-0.017849049131943514,-0.020150116539758293,0.0017839708876593637,0.021182395999814727,-0.0066098672680214195,-0.023937557180240057,-0.0055738284947301694,0.024360850678089033,0.013515764963092803,0.022792314302516457,-0.0038696414527205313,-0.014226848390248077,-0.009845011081772714,0.002099158162475973,0.009499965768523085
2026-06-01,-0.010692386829152129,0.010374105739254152,0.02977405810862825,-0.0036142850443584246,-0.02048674553838794,-0.006959447440132655,0.006730850876673313,0.03413094542757463,-0.005639552473753232,0.019459961574234113,-0.003329300207142186,-0.01725844458949446,-0.009881146043128052,-0.014167120452344865,0.007793153588946116,0.023517359777319412,-0.006614164680824199,-0.02879528192476561,-0.018300433299824177,-0.015635617664240816,0.017729316194464464,-0.025805849962120687,0.020105786108946283,0.008396577440255633,0.01254541917757888,-0.007804273240472783,0.008885111027415066,-0.0258172386060909,0.019150328619470046,0.01970076272710957,-0.0021447282445445116,-0.00998483507814356,-0.034159273478784086,-0.016611575584809295,-0.016185536823539733,-0.0372145885973217,-0.0003134252923673599,0.011900133642157406,-0.015082978292952107,-0.011778146909199809
2026-06-02,0.001012293070974906,0.000961816366065172,-0.023499669530762348,0.005057289795838514,-0.010051299054219295,-0.006031773808110247,-0.012493304368631105,-0.020998894190498392,0.007871559912244138,-0.0028784070142396276,0.017078193200624266,0.011410443570899141,0.014998201726198392,-0.008461716608730387,-0.021575006371628406,-0.003071944476566435,-0.010511502308032317,0.0030781083016584877,-0.021505273665972414,-0.013588049580825077,-0.005326020981662504,-0.024329620811518606,0.005743655296144313,-0.017587875080875302,0.010372347770508404,-0.00078738608858592,-0.01213422256030855,-0.00999665776980522,-0.019006751389314566,-0.016877080464034203,-0.0083051723312479,0.015866415873604604,-0.022403077071016415,0.01035956003026549,-0.006064367808129996,0.013124100147415187,-0.013119381516153482,-0.01498926695550382,0.003448819153961497,-0.021182457104892524
2026-06-03,-0.026490639112855954,-0.010033492406116475,0.019282522679162258,0.020721811834422375,-0.059771733449045565,-0.033587053572647206,0.033410696655503946,0.01997136648865952,-0.023052764270105757,0.03365604275372733,0.004472147085589336,-0.01499202528868923,-0.01836382945469915,0.00929735644714426,0.013741818733127499,0.009888133644153299,-0.0094980018116014,-0.03911594352062601,0.0017196990225890312,0.0248339376930218,0.010411681266503206,-0.007200635818845842,0.014193826930123245,0.002596901029628791,0.014839578441958457,-0.007098597759217457,0.03428776515635208,-0.02867401957748866,0.012548743475686488,0.03239124064361667,0.0004902418296473532,-0.04791483452465111,-0.03406692353484829,0.025070241705453848,0.003974258632770087,-0.030946343491977314,-0.008112866371680082,-0.02153211276504502,-0.011691082172528068,-0.006688655442027723
2026-06-04,0.0003633763962385319,-0.016374323838531525,-0.0019206329208420001,0.014119183746133862,-0.0011966782865187866,-0.0209906753977449,0.0016567540443700613,-0.008146965436632746,-0.00566480654077477,-0.011662576734933516,0.000645084092408512,-0.005123643987968828,0.020062786571923775,-0.01431296782482112,-0.017134678656737276,-0.008620526187665538,-0.007269289079218446,0.026496967971693444,-0.019510186652719343,0.016949723872518065,-0.01227545608319805,0.01564253413626813,0.0008991789622880926,0.002420578815619516,-0.011863448385616947,-0.015377618349641261,-0.009219837441602983,0.004175094660818346,-0.007419053946559255,-0.0119379628051225,0.00998026309142716,0.0276045981895359,-0.008535136725469171,0.002448200433042728,-0.006318269446233218,0.039861158062207636,0.00017823802213202174,-0.009232616743061082,0.018114889769901332,-0.015867818428935063
2026-06-05,-0.028510401901343522,0.04747611879447536,0.028167823733602767,-0.012186164735371891,-0.007462979033400388,0.04024694732871309,0.0213897124701685,0.02794650538347257,-0.015984959137498325,0.037529699124156005,-0.013592506084710469,-0.03060036900471968,-0.035135619246692014,-0.013077830754301183,0.04338441221098899,0.03469784797129928,0.04200682121715833,-0.07447186305736449,0.004112335785238989,0.0021024135088012243,0.03868614576046012,0.02039699947993704,0.016713997238724153,0.04017447043890003,0.015623827158230793,-0.002321017688606288,0.017304104185297334,-0.016920252451955498,0.04605040505402351,0.02383894343161185,-0.043457728977765724,-0.05637261395814149,0.0020349013176978147,-0.05148522990376575,0.024064287415460336,-0.06942647819338751,-0.020396232299305386,0.027427824127791267,0.01780792576264819,0.01770458009559031
2026-06-08,0.014661065800348257,-0.0004259447504047975,0.0017379944210382688,0.01191547120456717,-0.021893981746044407,0.05009502647927563,-0.026338158254424197,-0.02359679814460903,-0.01635137702553036,-0.0023766132062687734,0.006368696902864977,0.018763600090346055,-0.008298373528480141,-0.0012478582487594671,-0.000737753269352034,-0.005943325345366616,0.02160420696114433,-0.01584927252788139,0.0069305996611758285,-0.005467419718971571,0.010281245586080484,0.02427745172578783,-0.008156447770275282,-0.007816292552396648,0.008170453268415883,0.008164524110509499,0.003083216843340911,-0.029699644335935273,-0.00795602158856815,-0.030541381649830213,-0.01703759556647126,-0.016247491697588715,0.02013666325512368,0.018974382940592983,0.030560438513256724,-0.027825427763600703,-0.0018342709592127637,-0.021196042721281037,0.007945616973752283,0.002374262281581283
2026-06-09,0.013368773072217361,-0.010471802907361914,0.001865189109034323,0.005657716673088435,0.005026235727108719,0.002187442805731382,0.0017169772242576903,-0.02966529058000384,0.017823756401741737,-0.037997751498528215,0.021624674535842138,0.02386765542417668,0.014502794988829141,0.0029170692794949745,-0.0361927523286885,-0.0038555284381969045,0.006088439814400911,0.045233856609777474,0.002137271848508906,-0.014757562902423929,-0.012972508664519312,-0.01703622661282434,0.0064220382626388895,-0.015216649031474478,0.0066451393204874365,0.013078218606971106,-0.0058345003927774645,-0.02144663406774471,-0.037752163215880215,-0.01032470659915351,0.02643045579273063,0.0227308740050731,-0.007801526179785098,-0.017113282827571706,-0.033610279122571037,0.013640624486550915,0.02784007274602086,0.0028335792026659336,-0.013627071476875054,0.00014267143289836345
2026-06-10,-0.023252562233211295,-6.05869059749492e-05,-0.007539549422824328,0.012113444909213967,-0.0035475438767359696,0.035138299612664084,0.007534314741716592,0.0012491791763033213,-0.026003039502767954,-0.00041290375723713676,-0.0029869736099624716,-0.012264779883878456,-0.011086492781995867,0.001909784679546256,0.010128108073303664,0.0030267165586792735,-0.003961510759589804,-3.8698536775683134e-05,0.014025672530726004,0.0281328037002394,0.017058176628420796,0.026140062879224366,-0.00515741098872293,0.02319221725099894,-0.006707168339479673,0.005338111966758012,-0.012720099503142814,0.0017139344452111122,0.005460879288698322,-0.01137760755714859,-0.01273885367229088,-0.0020265527854822826,0.04215063671891767,0.013463164128404356,0.046381848393291104,-0.0025851947952093227,-0.016691991611401526,-0.0035569523890688877,0.029673084362153275,0.007565074613225397
2026-06-11,-0.02552656966323706,0.0002615869622146832,0.00581041608651044,0.005892112361393767,-0.007829331885645422,0.01201822073564446,-0.021273945309673175,0.00022907869754251395,-0.038607055254557265,0.004749510999281289,0.032179375885574055,-0.006391320329704282,0.0014370115817875892,0.0018178844137105785,-0.014687226107361381,-0.0025862425976238813,-0.008063710428516504,0.02089042082686833,-0.012694321655050397,0.01026333654658785,-0.008775342960662446,-6.746084096993094e-05,0.01713647120024109,0.00488563089639746,-0.0040294249514231896,-0.011637065664504467,0.006267167206570353,-0.01573724652982341,-0.015587316094971371,-0.008642704621750784,-0.013120131761886068,-0.007650675818057284,-0.0007654311023290242,0.0011615060655059276,0.00808229944965488,-0.00645392776993584,0.013073659108071432,0.010246044677207052,0.0005447640875936976,-0.00957019434912496
2026-06-12,-0.010990966717349109,-0.027988536492770638,-0.016893811221561146,0.0199438076089528,0.012504792726154453,-0.011897614043184582,-0.028022374763642974,-0.061209904037006005,-0.012486494765571284,0.00013006622842502182,0.028919877420326486,0.013492413810112035,0.03198147497188689,-0.017268227497002457,-0.0660046570606066,-0.04213744522750332,-0.02300831621305748,0.04979971197127907,-0.0306902823677737,-0.0044355435326061095,-0.023244292761372215,0.008391832456730822,-0.0074194177804742896,-0.03451473001476861,-0.004983751153067119,-0.009472040181049253,-0.011084326360388034,-0.02436292690564444,-0.06254835166054984,-0.06007413108026578,0.012676465620160306,0.057959342892039314,-0.000988875140609179,0.009449044360075853,0.01904443513971801,0.03809746235107406,0.009271588431132932,-0.03974989222959548,0.016249048359824048,-0.005680398447863311
2026-06-15,-0.030424067961067267,-0.011629872483838543,0.02692671795502586,0.048857624094592086,-0.025404528785606537,-0.047029647301707056,0.01785077143259481,0.022719649584951887,-0.03670594867313853,0.029643992192389206,0.01495028267272908,0.0019859254258582726,0.0024871719575434385,0.004337508011749287,-0.0066944210741319895,-0.01989282308542796,-0.028494875378484157,-0.00212183497160642,-0.012616373986522225,0.056685381484997306,0.005295938052202105,0.04094199170146607,0.027176730884209223,0.021131462943677116,0.017893440220539077,-0.009986719855984767,0.0302356027625472,0.005814650568700372,0.008516041083715835,-0.0015492227373220006,-0.02675021440971133,-0.004938237166432516,-0.0036919982087752403,0.010906058801842405,0.01826218561584787,0.02959024404235424,0.013082565026081124,-5.784415970380218e-05,0.0519178050186853,0.002994170314035929
2026-06-16,0.006560602721394554,0.01481793479621426,-0.00952878867835682,-0.024213738292141698,0.041110162216889165,-0.04229311586225651,-0.008792976816644437,0.025490594877506566,0.019778517106565308,0.000720187769963852,-0.007957434851815647,-0.008350842030457932,-0.00025832954333739923,-0.023972328112648787,0.0019961509292808427,0.0171733704089275,-0.005427792584779502,0.026502477089819294,-0.04166963802293313,-0.004833972868786566,-0.0025752868201289747,-0.03159146522695612,0.01574563278982814,0.01528884017008967,0.015250861267760867,-0.009307302716810252,-0.003038507911725454,0.037196782952964746,0.017403644093310383,0.020607500798988508,0.016382279526041228,0.007059611247420374,-0.019935496964290096,-0.020903302405341488,-0.05179949145236072,0.02639131034119057,0.009759026900642726,0.039483272820221786,-0.015647286771003244,0.010601079720928481
2026-06-17,-0.007659250750566184,0.02760234180912105,0.024804733278446813,-0.0127503519369133,0.05570263995473062,0.006788290466607479,0.0004304115770437074,-0.006049606674115718,0.02679136243790876,0.002251634068645365,0.027141118258308197,-0.012242457123821382,-0.0052143881501648635,-0.017034852885207168,0.010918919465757203,0.025109056843160796,0.009335922987098975,-0.009906385274353174,-0.0012373233520227185,0.00037830797826503716,-0.007305151084980415,-0.0010893612640242127,0.025673852737313877,-0.003728437795138293,0.00945966491194402,-0.0011545252118306034,0.0451341247658441,0.0023390243447807685,0.011282324649937529,0.015899966979942982,0.006446605959952868,-0.009952426646415193,0.029180458772523746,-0.035372965821785375,-0.05116260277364279,0.0013667708342317234,0.021515030497562135,0.04992857090599173,0.021876126871008393,0.03890928236671068
2026-06-18,-0.017789411693443075,0.012847271277955308,0.026720806399770133,-0.0011342971964150433,0.011504719921110395,-0.005377484508330517,0.0013773890011148319,0.028050925506789524,0.021572155901297074,0.039780267591557984,0.010341159685994316,-0.011930805884365934,-0.03247392914462196,-0.024085885964437427,0.047453280283095034,0.022109110413379943,-0.0020911856738144267,-0.045430880169676086,-0.01067291139486769,0.0177444716999711,0.02391168513257845,-0.01913902609307769,0.04180419095255492,0.03671831269640151,0.014081928402998819,0.01356187562791961,0.05157300197596833,-0.01987388275765279,0.020200471641753308,0.04206088991538727,-0.008462614890661463,-0.05312541624889124,-0.011417534632714348,-0.03580080499081521,-0.029559897063499208,-0.052629121692130014,-0.0013587684305431578,0.05792321524215319,-0.00020044663632251916,0.017313435173760355
2026-06-19,-0.008126120868847442,0.02233248220102406,0.017758606034784175,0.005668249960132471,0.005381420658056065,-0.01621645209620966,0.01621980394787001,0.022648030855015936,-0.014068971017610413,0.0202799137405699,-0.008008510614999029,0.0012995034703389679,0.011758282218736801,-0.014834556911289456,0.01697934220217081,0.00792470744361728,0.020313581548569846,-0.011242143694274571,0.00011630831215428232,0.017385945978088964,-0.008886649001692646,0.009371877433579147,0.0009208287359412,0.005430218822495529,0.005354662463289754,0.0003480676234933998,0.0037209147513195813,0.0040123956412399155,0.013113323029404076,-0.0007414206416796531,-0.007454571493385341,0.005807959051379225,0.005515313157447315,-0.023883648969129125,-0.006342407632256972,0.010024140603977726,0.008821818992746063,0.023700992060170276,0.029942656930930865,0.011998315634114371
2026-06-22,0.0176412116381085,-0.020445039475907763,-0.0028147393951961797,-0.02995337210445318,0.008873906849188639,-0.000836061040874355,-0.010929179974033264,-0.00969569963818407,0.015391746127618797,-0.01814197102243629,-0.0263714611156773,0.007479678398130218,0.02604244113922334,-0.010692739728201967,-0.020428090029777784,-0.010137431505344185,0.008347724687677428,0.025193854318706826,-0.04869183540747482,0.010659305664748514,-0.008372612657896284,-0.018480751671106795,-0.001167396148381768,-0.007613939099160361,0.011034520573436284,-0.018243063065534342,-0.024906838656365546,0.015204499365004382,0.0063933702108271975,-0.010873532667781582,0.002047207974413612,0.026450292717369747,-0.028765403196157543,-0.01805342894539668,-0.035802299000584376,0.025925189930203946,0.002088060414551446,0.0031815013388765178,-0.00786903967543241,-0.0021209351897896675
2026-06-23,-0.002714832344413245,-0.0036462774276874443,0.011364683553442795,0.033510130462027936,-0.03784350626651646,0.027091410619963882,-0.015344761966564889,-0.026762184931939915,-0.051674668951557465,0.016700034466874486,0.005140987264850638,0.0024260220121110933,0.00994485216487191,0.024280373333210935,-0.00654339278944344,-0.03183518282396765,-0.004664700335780889,0.009004285361041257,0.022297812755046945,0.03734033160785927,-0.006140605335798764,0.05082392266143892,-0.02943621776869238,-0.015461992677689268,-0.018034259418431533,-0.024122334835271167,-0.037024113368942964,-0.002119096218379954,-0.013765380952444745,-0.06948919101902486,-0.04271605567049454,0.022301883565764843,0.031546818785994496,0.012121322064470988,0.07465938860569273,0.0004679935012258164,-0.03671308298514991,-0.055603575365020814,0.04054853486558645,-0.022114234701191844
2026-06-24,0.007314146927704593,0.0009732249727344398,-0.005505499598247251,-0.0040035998383272315,-0.0006401054540019432,-0.04333914504225583,0.014705376122530986,-0.016598043539237453,0.018917330667669173,-0.030939546867505517,7.517948628247965e-05,-0.003889356478461738,0.02946816182007869,0.00012525536368076032,-0.026096436185379785,-0.025963226740747553,-0.013044741853382981,0.02815821925799273,-0.01795003093036568,-0.016535744495683364,-0.019679511812615555,0.002144285875003201,0.011886244806093965,-0.0220883250139563,0.03037321073078492,-0.017431959882927152,0.006831916472143403,0.0052963526127921216,-0.014541163484636608,-0.011270421713808959,0.02908649947574899,0.029230632579458127,-0.04053144301182654,0.02235528948858835,-0.03729265142804414,0.05169281479228115,0.024818149985149817,-0.014038887680736318,-0.014473569232600896,-0.010145333337594552
2026-06-25,-0.0012425334384179266,-0.0005391252873630046,0.0015648871371831802,0.008962951089213737,-0.029224777267650957,0.017640936804856764,-0.0010842877308506662,-0.02125756983274595,-0.012036852319055769,0.012872282308831626,0.005422741148033185,-0.00437014778301896,-0.004044105332279088,-0.019519674920887804,-0.013340679172060482,-0.008218052442053493,0.014277652008120707,-0.011809015803125635,0.005378368353091634,-0.008006046713919543,-0.0011629360042554118,-0.006137874152979558,0.003481747873905516,-0.013870226338492475,-0.006306476015840825,-0.006901959194049404,-0.004492530273417373,-0.02333534815404794,-0.013700532323005313,-0.01925550853379819,-0.0010885708153647268,0.0033066214813625584,0.007307296012573596,0.00715257123027524,0.023881539110943692,-0.009927791204497043,-0.010051029455526706,-0.029763610713769782,-0.02241373219790911,0.00647516800205003
2026-06-26,-0.020340739202060153,-0.005525329301728636,0.013304241117993141,0.032298376766621076,-0.00018004119521847738,0.010009515934176426,-0.044155728346415055,-0.004943931410296164,-0.04697716706127163,0.03076009740845403,0.04981644622566271,-0.011544300508657181,-0.018300072009660176,-0.035022959373045795,0.00554949174691926,-0.020950510032882102,-0.020264721915938824,-0.00025184598057881183,-0.019000485706773134,0.0351810820825877,-0.014275025319944259,0.022921554777485028,0.02119896460098839,0.023157462700119345,-0.009062217583516467,-0.01762805412893772,0.02897217877642046,-0.04286381229297322,-0.030704855400280874,-0.018688577434266117,-0.043337108995058125,0.0010761730397266733,0.010289291913589503,-0.0277667345345748,0.0423402764207689,-0.016920387220793802,-0.0029763297700321108,-0.0009692758287266926,0.04427672226563229,0.00019943260528139037
2026-06-29,-0.015059758436284286,0.018898570849376538,0.02310251812770743,0.00572793637869988,0.01105323197018427,0.025187197772823747,0.01622950668860972,0.012270668176846333,-0.004457957688583664,-0.005232498088087749,0.0013444222247994443,-0.020062162077045136,-0.01245210089251951,-0.003066251901440193,0.03337029917276774,0.008745672332792744,-0.0020325888970131006,-0.0263930186133388,0.017507677508806656,0.03086249816833342,0.012644178607392115,0.02322329755465756,0.022176414209568292,0.02304148713935951,-0.0012040745509418766,0.006461746846198371,0.010128716338154679,-0.01330014458715061,0.005064853872369863,0.017748028453989942,-0.006271491637399609,-0.003935496624408582,0.006843000137216209,0.010321433917548762,-0.0007898067881088305,-0.033542600118578986,-0.013389886136359629,0.025992897235320507,0.018828171344178024,0.015348962290189358
2026-06-30,-0.02528754146458681,-0.0028461475782351094,0.027547565138709415,0.002949658758524762,0.006747641119455303,-0.022287103201632144,-0.03918180041868498,0.006629539754887087,-0.019498229883310198,0.008417842428468943,-0.008449159182097673,-0.03175409809179091,0.010674436430527012,-0.01712323500560881,0.015181224577459062,-0.004420348703886571,-0.016783056102917228,-0.01902575538894159,-0.028611948187820067,0.003776676437268877,-0.012628039061955618,0.004792121745979088,0.024826526039407104,0.003930213187956062,-0.0022047266273805665,-0.020548033406897894,0.023816686347581703,0.007295099091789777,0.02193625362167824,-0.003690228970171608,-0.025760474413886,-0.010436702598762488,-0.02206491178615353,-0.01318607672034746,-0.020434319811162904,0.014286626459536704,0.0014173185459707726,0.014341490072578428,0.0018922882521995015,-0.0018990450026989281
2026-07-01,-0.01192207371198137,0.011613294824795641,0.026105257568289575,0.021293730278847723,-0.01985105223623481,-0.0211462197617589,0.032339188448495954,0.030654518936374442,5.757252587435674e-06,0.012002012241497984,0.01607067859267981,0.009219319717393606,-0.017502597596813173,0.013403653747532742,0.03999168851805477,0.0058670237807346756,0.0013169454406550159,-0.049248159838066324,0.023758735403719693,0.029370315508473632,0.008836034355581997,-0.0051167048529952176,0.021035036846057655,0.01907755699376406,0.010694441072286547,0.005512708139595051,0.0416531340770834,-0.02054943975749224,0.02206430335823535,0.02686101007683385,-0.004390169796271565,-0.0392376081963953,-0.02200990438353573,0.0045121476190603,0.0018670623444142559,-0.03778705202115041,-0.0009696746527628943,0.00677218190575645,-0.011661478253878782,-0.004540358944560407
2026-07-02,0.018188404181056106,-0.0052378677381451685,0.013188827411277287,-0.04220038680986217,0.0003252571878072288,0.008795413206543912,-0.0006006864438463915,0.004710351113744012,-0.01622379094844375,0.009522673113173351,-0.05326691119680747,-0.01124146700221926,-0.01313293993569305,-0.008783088444400367,-0.0016780159762482278,0.004982940262954552,0.0018622608047428497,-0.020916810750919782,-0.007220245901177617,-0.014390018711210767,0.007055732469260414,-0.0293913534930592,-0.02600082394727677,-0.016054692309291897,0.008674870124139547,-0.011175507028816135,-0.03253448786802202,0.01105279998548572,0.010266344632872095,-0.020746513519106658,-0.026841524589130753,-0.006082887274337867,-0.0065624112221543875,-0.03302144704552698,-0.003823227715149723,-0.0195317889157688,-0.007975392282507151,-0.008991270962248988,-0.01219652745634301,-0.033051059462073935
2026-07-03,-0.0011809617081262932,-0.007255179371336485,0.015235890729641535,-0.0033672239015241964,-0.025331431780095608,-0.05123116844522685,0.0045405293146198455,0.03161266005533432,0.022067076726536745,-0.017745006808386907,-0.028247782226518765,-0.0031644770376273337,0.02903730165039439,0.01461977961912157,-0.0041529196341709715,-0.01933181972597012,-0.004448717258934301,0.01023758579682899,0.005588792441872672,0.013969563900703676,0.0007331168704933573,-0.009652737738390113,0.004940717186141511,-0.004386763013529286,-0.016834842617456894,-0.017912788677267047,-0.00043217628569189835,0.03578244116545566,0.02946920213803729,0.028954562374055116,0.005848302925255578,-0.01981206161680773,-0.0496427592796704,0.051427439034137976,-0.0264589318083043,0.04075443867333819,0.0010862726207607563,0.009838701913170668,-0.01295288466664872,-0.024753642123807984
2026-07-06,-0.013282148834626702,0.01224354749829341,0.004394271189703531,0.01717043369600682,0.01100639025113109,0.056120576397080776,-0.038324704261259154,-0.047210992200034135,-0.05095545507402571,0.008492151306444462,0.032707703952580394,-0.017055715730351244,-0.029156929582366452,-0.034996175619258794,0.020848793094248825,0.00900290655464126,-7.087811603265952e-06,-0.005691657086444824,-0.004833671412445015,0.020156729631293797,-0.00010172615132066727,0.03694253910391892,0.03423228074231802,0.02920497957337902,-0.009540645005968303,0.0007327357428378576,0.02025475798890206,-0.05025948798044022,-0.031948870509500724,-0.0377082321070461,-0.024985304670956894,0.005803049521045131,0.04374263535672212,-0.019824790568799773,0.03849293711657882,-0.04726003573764195,-0.018939318555001458,0.0019472943442843246,0.03758010850792137,0.019704044585516025
2026-07-07,-0.015440765635778612,-0.010238210622307647,0.003883875596892436,0.013580620808102269,-0.03256042938400655,-0.0034505879607491345,-0.02427054415984542,-0.023861147734626317,-0.0397115680623939,0.02852897229264415,0.009448910938250617,-0.016889006910917697,0.013450102304208764,0.0020338005250726604,-0.010388765619136589,-0.02138090530116437,-0.008149809233013838,0.01364003447106316,-0.0061979067329304026,0.006518643294390693,0.003067301405775214,0.020324798916580386,-0.003094159654422255,-0.012555713780828825,-0.010475181195966975,-0.016951070293885748,-0.019853765173525086,-0.00042771423979643536,-0.011036174365811141,-0.020020191264655693,-0.024263844749969572,0.005149354929094871,-0.006232969277586176,0.011194853256794498,0.03292029600560277,0.009972767700397862,-0.005587772284116238,-0.04355152274005804,0.02350043328452964,-0.015044424739085769
2026-07-08,-0.003160101963187295,-0.010070365593267277,0.010985302425016372,0.0018242245494013189,0.03037670876165633,-0.036189860471614474,0.001391930379687871,0.0047701268815358066,0.031227559121879286,-0.0076282825122503395,0.009489025667890217,-0.008236869157469524,0.03462873750240233,-0.005564940228869258,-0.02342723647905479,-0.013145112139843656,-0.015304987659525392,0.030439921908641823,-0.0464328923105739,0.007124952281347244,-0.0228668326257725,-0.02518636115719842,0.008452412401617038,0.0074014770985176715,0.01934099332100308,-0.013167526609420105,-0.0016914557584262416,0.012310644883978192,0.0005886750975924787,0.013101149391016068,0.027415018913086973,0.023628338289610758,-0.02869693649772701,-0.017105345318880687,-0.05317998003457845,0.03663447360364179,0.045032386752550266,0.02209624156731607,0.0012193849374154053,0.011110346317476191
2026-07-09,-0.010676327679793284,0.0011401843334834802,0.0062672275594166625,-0.015004652259854773,-0.0012567301285023695,-0.02275038833940468,0.0075678011837544325,0.010755361504330646,-0.010916356977739967,-0.013779947569600826,-0.01545192006589962,-0.005287239444735839,0.032767087657577146,-0.006314965002549754,0.0093055845951748,0.005777923616630352,-0.014829693057401745,0.006322482629458209,-0.02477831755926254,-0.00449960629954226,-0.009460013860058734,0.010726933986153757,-0.005291607900570574,0.006068934160694019,0.00281699360987923,-0.025994760857261573,-0.009681599939770396,-0.008360562371067307,-0.008033668426082167,-0.012575255364506733,-0.02550174292770491,0.0006872156036712949,-0.0009574857002844373,-0.02975316329304257,-0.004435106795900675,0.012739253775615363,-0.007938437997773665,0.006265435981098813,0.004161144592702609,0.012312372387534132
2026-07-10,0.008120547115663292,0.007749268440439147,0.007532742530337439,-0.02072396669721706,0.0027215252635930647,-0.036190267556680436,0.03099978840113687,0.04369107163377897,0.013958367046847015,-0.004000551236496209,-0.02761502650674872,-0.013569075059485266,-0.02157810977402395,-0.005760078946150117,0.011223865071743359,0.004688903351243933,0.0016355590410256397,-0.017260233547324685,0.0018826791455990883,-0.017020469346055965,-0.00562323814874739,-0.025658961664534137,0.010436074823180867,0.008716454023198032,0.026303841718766166,0.0010445483822399178,-0.017395989467928634,-0.0005753096212307747,0.026604682589125746,0.03912620260914111,-0.0013578710057125954,-0.04040351946606925,-0.0320774139564391,-0.023118275324267055,-0.03329928375239711,-0.014633788739640037,0.0030313141412478097,0.017026612160329222,-0.018882862218063286,-0.00549937083146239
2026-07-13,0.0010593446477336888,-0.02323575129018161,-0.000654232047157597,-0.007996516525318267,-0.032605142893226795,-0.05677782928007958,0.021381633048578694,-0.017951765105578305,-0.0007946476031187484,-0.004443737444383471,-0.016419425000875953,0.003508495165376814,0.024782764965581787,0.007956705936157335,-0.02329595176071783,-0.004564892118906504,-0.006667941584227932,0.025829065871194656,-0.0180597174668114,0.003293291126377097,-0.00629015120215398,-0.02823161471897552,0.006909748192075686,-0.018120171308957742,0.0020752791772762585,-0.030968164363724078,-0.0073817601143989124,-0.0008121528914237959,-0.011664990638572327,-0.005271988734788318,0.007671479020033739,0.032401237604854645,-0.04175575277028075,0.02921523639033429,-0.009144752150255325,0.04318118772898207,0.024236514938886247,-0.02146635627693113,-0.017884878785482016,-0.015231628382648781
2026-07-14,-0.006013021554849982,0.018026986989031695,0.007119504962106312,-0.013879803129929032,0.023376708949562126,-0.024049803607738528,0.0065734215557920524,0.02767114979488506,-0.01532034336436155,-0.003621523714380537,-0.012554574547922224,-0.007608747509751584,-0.006175517564996404,-0.014754636296520289,0.005757279942088023,0.029642913676355798,-0.006021259621098105,-0.008803436645622945,-0.018929813800141936,0.003027523029177732,0.016347837766361395,-0.02405990132088151,0.009821733598084706,0.006063059583731212,0.004710890791038676,-0.011305677839092327,0.0006048916193753008,0.006118169464943247,-0.0018986305807885372,0.010209520276824634,-0.006033378624324395,-0.027986769789290263,0.007551024792975661,-0.024574779025210568,-0.02107133824352671,-0.005232068155797292,0.003249591166850774,0.034024355574901376,0.028774809930303468,0.018094620452648584
2026-07-15,-0.011494441728166731,-0.0010612785291310538,0.007769742495933301,0.06928545254711106,-0.02637267418225026,-0.010306441989455588,0.016733490909714446,-0.034979364064152044,-0.01861890076256892,-0.0053928653988839625,0.026300238571061438,0.020422483810928,0.008177819510277039,0.03859993592473472,-0.009066948798622756,-0.028091622816409065,-0.027589353833572788,0.03787460246041735,0.02392772838464884,0.05232490280480036,-0.013231938479279264,0.04531171137541,0.026036928753724823,0.011995483759105151,-0.017248332659295946,-0.007813405381585245,0.007752856636266521,0.0045265378621462465,-0.017879758164789997,-0.01589429990931977,0.003063055846446827,0.011597108083252278,0.00693097707286953,0.04816785892472917,0.06287449921536273,0.026195180005256297,-0.018294568159861146,-0.0393463302407774,0.022925628192281028,0.0038311934852319736
2026-07-16,-0.01110718700337897,0.004541017010373834,0.02768592150311481,-0.004016212700560745,-0.030921206454144458,-0.0077252338133352964,0.005594909010996815,0.015032036188830061,-0.00875954175567912,-0.007573682044693409,-0.00598512005887933,-0.014944757674830934,-0.018108705032419653,-0.017342310491244954,-0.000698674113661207,0.012025767412198383,-0.009851732786236297,-0.044345221146156605,-0.006367745005721225,0.008887843471302944,0.009450793334234762,-0.02073197665881234,0.006809323063997151,0.0068746719095717146,-0.0013255768097427383,-0.013862719836910425,0.002879352654885543,-0.0058173825579668995,0.012971767408242667,0.01848045604790275,-0.03125340507029598,-0.021541720936345668,-0.02405879630030063,0.009545758310599155,-0.013935428337913933,-0.024938903442310013,0.02105392579178206,0.008410197614471301,-0.012448997724204967,-0.01951715431502665
2026-07-17,0.011190057940226705,0.011953382607345702,0.014213528407732752,0.007353728314988008,0.00947131349859668,-0.009350472958851079,0.04711639057148664,0.0283226864787198,0.016607794230055824,0.020706872220274883,0.008218254379073748,0.01836132735812674,-0.010897083783604388,0.017226774769666737,0.012503563659516784,0.027101247777508462,0.003520817597500574,-0.03812156572137011,0.02220392261735307,-0.016000345196687894,0.011274409825968676,-0.02163243779959238,0.0290338154055913,0.021532661939255886,0.0160138452440592,0.023513434945713885,0.04699077745414887,0.009148964148129659,0.02061823776011578,0.035495528323635187,0.00582176058463499,-0.025088046352126313,-0.00573745434926563,0.019718305300945826,-0.02080551869264354,-0.029687593107044403,0.0012645946932578803,0.020251888593553462,-0.0020651038567562263,0.02051008060530899
2026-07-20,-0.010722463798390116,0.012612838212016423,0.014892218328023909,-0.002629297797034108,-0.019549298256056245,-0.025312222638246985,0.03387534410790236,0.04768719272996357,-0.016836238594968033,0.023367510384049835,-0.023981339670444003,-0.0018687002586211263,-0.005529995069151772,0.03183145204802216,0.02631558709083437,0.011826847278818255,0.012480121611620425,-0.015736254637373864,0.02788727594149913,0.021383749501878165,0.004952160171513002,0.017019557909341614,0.0019827235862820832,0.01791361898570007,-0.01622929827640969,0.007412013485904085,0.016847724351875745,0.048621571229222255,0.04777390545252927,0.018123610756378583,-0.023688188691772805,-0.022938989263379096,0.01775163694954489,0.024564763662663868,0.02035635865512951,0.02270053425857401,-0.002093277811616145,-0.005771304332224627,0.010259543323085357,-0.007369255644099025
